panel,P,parameter,x_median,relative_median,relative_p05,relative_p95,absolute_bits_median,absolute_bits_p95,ratio_median,alignment_high_median,alignment_low_median,frequency_correlation_mean
A,0.25,0.0,0.0,0.0,0.0,0.0,0.0,0.0,1.0,0.0,0.0,0.0
A,0.25,0.05,0.021636892936812823,0.06711115173055442,-1.1057910649763192,1.16939141395733,0.0011627932384225548,0.0035402496133563454,1.0006711115173057,4.12172286493807,-3.9628999025915954,0.0034366599290585136
A,0.25,0.06425243169567638,0.027814746398069273,0.0191623538122395,-1.2225207276850132,1.433094290513467,0.0015798041736135582,0.004166960614185426,1.0001916235381225,5.361807407637855,-5.032359837759941,-0.0016965457594945966
A,0.25,0.08256749957615121,0.03571704679007468,0.08304045354350215,-1.8337692209946284,2.010505887008794,0.002310072967400517,0.006050675863133445,1.000830404535435,6.926335959582908,-6.421777606456598,-0.0025974680602561537
A,0.25,0.10610325253598889,0.04586461350514204,0.21329419571661656,-2.078583243628042,2.662565491840076,0.0027189341926753263,0.007828669304578135,1.002132941957166,8.973393352221027,-8.162791343082457,0.0007941963356346191
A,0.25,0.13634783972515457,0.05889280701803948,0.09788524060699855,-2.7409628128015884,3.4104549642508086,0.0032031644350054567,0.009764561864710917,1.00097885240607,11.676873251241155,-10.317377890533013,-0.006389486857357521
A,0.25,0.17521360517587056,0.07552855110582121,0.5931271692101503,-3.241558879368161,4.370361267768277,0.004351289666786051,0.012662949125439409,1.0059312716921016,15.232305527483572,-12.944603923486497,0.0021195252666202286
A,0.25,0.22515800397431665,0.09690053769026716,0.8657948481591506,-4.267166964154094,6.103710384026921,0.006078573720574909,0.017517394461545974,1.0086579484815914,20.00682867347423,-16.214253347801343,0.004827511784206817
A,0.25,0.28933898542189235,0.12396091356565708,1.1171344508784888,-4.657829586650922,7.850892783846149,0.006795049763190536,0.02149672325019286,1.0111713445087849,26.170841113770294,-20.049321405936038,-0.0006461406002101147
A,0.25,0.37181466795432894,0.15816256022619785,2.1570900659983163,-5.644089857780622,10.818828489241216,0.009623730321138307,0.029374866705422012,1.0215709006599831,34.42859495308325,-24.49449489313328,0.0029887239530006346
A,0.25,0.4777999311237224,0.20103595355455234,3.4265676913796885,-6.230651134994073,14.348339010747235,0.014027201780287102,0.038656284026887484,1.034265676913797,45.40003720972684,-29.419005839143416,0.0019109450301964552
A,0.25,0.6139961487745171,0.25346219684510873,5.277010589031066,-6.190604436942121,20.95755139096753,0.017024238439767247,0.056462358358728315,1.0527701058903107,59.349026234278696,-34.43017442682053,0.0009116016521821231
A,0.25,0.7890149122108604,0.3163293882487248,7.762142360270882,-7.2764144828405914,25.89105430481988,0.023609464518155487,0.06975385431115226,1.0776214236027088,78.16630497704301,-39.11588307170047,-0.005974904210455558
A,0.25,1.013922535073968,0.3870004079006431,11.995637703667168,-5.416555171293851,34.76309777404106,0.033097021360797785,0.09365628873148626,1.1199563770366718,100.31593123212306,-42.654634514759216,-0.006718416247011424
A,0.25,1.302939768590944,0.46588690826202483,19.105415463625636,-4.049505920651513,47.97264511572873,0.051472464238572435,0.129244520479037,1.1910541546362563,127.44589879721168,-44.43770204195131,0.0025089952334303193
A,0.25,1.6743409696994005,0.5488359985861362,27.217158475210084,0.9339320679270617,64.33421225498954,0.07332655073416311,0.17332470188446064,1.2721715847521007,158.23144047876653,-44.092471368382334,0.004098988906792325
A,0.25,2.151609575817667,0.6249852275370891,36.6862567160607,4.310724620446454,81.21137895858712,0.0988375280537434,0.2187939753087035,1.3668625671606072,188.78657993540105,-41.846088013549306,0.007824363641713843
A,0.25,2.7649229461197575,0.6924652999187781,46.119915098487965,11.95343194756985,89.9084394299305,0.12425302580373315,0.24222498286487057,1.4611991509848796,216.62550440743217,-38.62494575670722,0.005072498864704467
A,0.25,3.5530604547873605,0.7574091547637182,52.25392994094949,16.46379305069807,102.62046914410251,0.14077885641016985,0.2764728376737929,1.522539299409495,243.60894851347206,-34.68678690816134,-0.012504897430447304
A,0.25,4.565855483636677,0.8065228577343562,67.99578174552374,22.307115055353087,126.11527294087108,0.18318944442394597,0.33977088269793126,1.6799578174552372,265.6816683081738,-31.110374059601305,0.008318553289718332
A,0.25,5.867346351893901,0.8479013749527826,73.15744382977451,24.170896389099486,133.55301293984084,0.19709563073792707,0.35980911776492835,1.7315744382977452,284.388125768254,-27.77549445093449,0.0018206056392144668
A,0.25,7.5398254141987815,0.8807469107031853,77.5464359058685,28.03455848236307,138.24283303688114,0.20892014395567077,0.3724441006413716,1.775464359058685,299.0811244777726,-25.126113735282228,-0.0038143322827312964
A,0.25,9.689042348462637,0.9066056273467666,84.61443683687352,39.120991583119064,148.56921387635268,0.22796225407633244,0.4002647083368983,1.8461443683687353,310.8819557628989,-22.765129873951295,0.001209792711348516
A,0.25,12.450890633822237,0.9238742397248477,85.41893397502264,36.01695783324126,151.53887511654997,0.23012967358376232,0.408265360417862,1.8541893397502265,318.93593282296257,-21.084578763261774,-0.006546968350075745
A,0.25,16.0,0.9382372779149593,93.30051579844829,36.9735913174167,156.7513209224969,0.2513636760226013,0.42230836465678584,1.933005157984483,324.9395073309331,-19.686337321497817,-0.0002951721388217517
A,0.5,0.0,0.0,0.0,0.0,0.0,0.0,0.0,1.0,0.0,0.0,0.0
A,0.5,0.05,0.024985539360392987,0.013006474558045654,-0.6007856215221468,0.6900247352935887,0.0021411419049010005,0.006170594142453827,1.0001300647455804,2.435619028798329,-2.3903073901915337,0.002634617867150365
A,0.5,0.06425243169567638,0.03209567746375165,-0.01918727268858206,-0.7854490802354217,0.8731260452758873,0.0025655686387236476,0.007677414244245983,0.9998081272731142,3.152284280872104,-3.047789676305835,-0.012020525282798707
A,0.5,0.08256749957615121,0.04121957307432414,0.07411145587874879,-1.0433551562993604,1.1899007090473488,0.0036960784462825025,0.010061638178755545,1.0007411145587874,4.058487941018887,-3.894945856938639,0.0053341699320373975
A,0.5,0.10610325253598889,0.05291368426440042,0.06717866746398249,-1.2631753415488218,1.5079413907793981,0.004564601610514973,0.012740896561690434,1.0006717866746397,5.233326119373013,-4.989317488661838,0.003772106482572233
A,0.5,0.13634783972515457,0.06788723485958875,0.17399215087207598,-1.6754016231892543,1.8445855771514459,0.006224202833980674,0.016423658858593485,1.0017399215087208,6.736347188719388,-6.3676534747787565,-0.0010798139220039272
A,0.5,0.17521360517587056,0.08699050805913874,0.237127508373551,-2.122324734730144,2.6283607555370923,0.008163257065715968,0.02353612078133762,1.0023712750837355,8.712495894671104,-8.095121774690385,0.0016079446069356582
A,0.5,0.22515800397431665,0.11128037718024067,0.2637376397698644,-2.355119212501373,3.379736575256913,0.009528059885458906,0.02753640906071857,1.0026373763976988,11.264578960382586,-10.222310056025558,0.001691437860848178
A,0.5,0.28933898542189235,0.14200197937713818,0.5584491918868195,-2.95677109024626,4.330068614584016,0.011693668911491484,0.034880659571902575,1.0055844919188681,14.571049800340642,-12.880868774084192,0.004717450675614922
A,0.5,0.37181466795432894,0.18029795030374707,1.043718442470381,-3.3614383194178394,5.8059357512324965,0.016975928879123026,0.047025094732709126,1.0104371844247038,18.79256250626381,-16.10718368592397,0.0002917260551020131
A,0.5,0.4777999311237224,0.2275305627321087,1.8119289059474015,-4.091776591976379,7.641954098506412,0.02202639109348209,0.060360532556391976,1.0181192890594741,24.15394137198802,-19.83635788990012,0.008276082563849143
A,0.5,0.6139961487745171,0.28387401354261194,2.719662705580368,-4.489700793886955,10.43276556560335,0.02851206005611029,0.08154279496918937,1.0271966270558037,30.886328456642126,-24.087407280769515,0.008574148316801807
A,0.5,0.7890149122108604,0.3495307654975496,3.8794146315358873,-5.022216266001036,13.554307069399304,0.03732803989864103,0.10594085291760716,1.0387941463153587,39.00237768009886,-28.61750165626851,0.00658597566141787
A,0.5,1.013922535073968,0.42272089112140354,5.4762437623389655,-4.997955869356862,17.25607886178931,0.04746195401441783,0.1348740074480598,1.0547624376233897,48.36750665090188,-33.03231159865635,-0.005664199464798032
A,0.5,1.302939768590944,0.5012481497236736,8.241211296495187,-5.455134370597628,21.861254465894014,0.06738008839733778,0.17086819208887086,1.0824121129649518,58.93023307260933,-36.939657943836174,-0.0024378650766564997
A,0.5,1.6743409696994005,0.5772427794781969,11.243254143530805,-4.128128768177531,26.66590619141734,0.08806010190062175,0.20842148781751427,1.112432541435308,69.83493085334865,-39.73429196886259,-0.007962634976527825
A,0.5,2.151609575817667,0.6484874813377005,15.912586001516917,-1.9265387688399807,35.60753401506242,0.1249388273799183,0.2783095074159037,1.1591258600151693,79.7926756297227,-41.30807923584662,0.011107088303994041
A,0.5,2.7649229461197575,0.716217335007435,18.538644628969866,0.38750120069625565,36.26721336877002,0.1448985782802193,0.2834655801702018,1.1853864462896988,89.20251228300208,-41.766861303573165,-0.008275827918208198
A,0.5,3.5530604547873605,0.7727981884507987,22.8405247737168,3.365716891211118,42.89799145645172,0.17852219690936455,0.3352919319357082,1.228405247737168,96.44752586578201,-41.25627962060619,-0.004107961427347833
A,0.5,4.565855483636677,0.8209124897548614,27.84477389891857,5.560687061292961,51.17574237464176,0.2176355516401985,0.3999910705949169,1.2784477389891857,102.35094990584835,-40.2946151075257,0.010671128978614006
A,0.5,5.867346351893901,0.8584824195322969,30.9464560255318,7.834563605269169,54.480264530276976,0.24187838812680507,0.4258193105676919,1.3094645602553179,106.54174410688033,-39.057479570133225,0.008916186260195559
A,0.5,7.5398254141987815,0.8889509908934761,33.337667138570936,9.559118572311466,56.97920618248772,0.26056816278842143,0.44535111021418416,1.3333766713857094,109.52376243006847,-37.84423701514829,0.009086609678108279
A,0.5,9.689042348462637,0.9149356186814235,34.61794050485849,11.449170358612083,60.68117213368804,0.2705748161494339,0.4742857822954684,1.346179405048585,111.85882382021649,-36.620057849603825,-0.001159137675140256
A,0.5,12.450890633822237,0.9329090316923807,38.19687314092759,13.814123453012146,62.27230468831687,0.29854785630991654,0.48672211999087966,1.381968731409276,113.49244149810121,-35.68092828365367,0.005910884025178864
A,0.5,16.0,0.9454438241419078,38.53505393797188,15.98447003303075,61.74212523770058,0.3011910871217751,0.4825782221944011,1.3853505393797187,114.53050895368213,-34.96258280515892,-0.0020850137548789607
A,0.9,0.0,0.0,0.0,0.0,0.0,0.0,0.0,1.0,0.0,0.0,0.0
A,0.9,0.05,0.014992817730829966,-0.006429181124751238,-0.1455418120253276,0.14414937041535592,0.0010467046757560716,0.0032856953446498854,0.9999357081887525,0.535823676613166,-0.5380071354940399,-0.013161358381275749
A,0.9,0.06425243169567638,0.019278622125726893,0.012089502541809714,-0.17071114180088887,0.1845522437550374,0.0014569293960372542,0.004272319275157143,1.0001208950254181,0.6858915261099399,-0.6953507310588936,0.0017971142772568506
A,0.9,0.08256749957615121,0.02478147017800909,0.007800516594527491,-0.2464883911936486,0.24632713273759532,0.0019661384027997997,0.005593300891488661,1.0000780051659452,0.880471777021579,-0.8934118116707216,-9.795685907547036e-05
A,0.9,0.10610325253598889,0.03183263558614216,0.021166535706871225,-0.29848332420348245,0.32164040161534296,0.00265319138958775,0.007011094706688868,1.0002116653570687,1.1308655220196675,-1.1445981045312226,0.0024902381038407924
A,0.9,0.13634783972515457,0.040916477997792744,0.024818061048591966,-0.42728520886900534,0.414954776141676,0.0033971328403179513,0.009685788128310878,1.000248180610486,1.4441546490152644,-1.4742426473439219,-0.005524615289059634
A,0.9,0.17521360517587056,0.052481883410655045,0.06484542008165164,-0.4613773638963178,0.5642044994368,0.004546523541153591,0.012377730180776408,1.0006484542008165,1.8532982693261042,-1.88736938701255,0.012749427345135783
A,0.9,0.22515800397431665,0.06751898341086447,0.07677222634039785,-0.6014808145198195,0.7124054369930892,0.005353734923145281,0.014670822684745385,1.000767722263404,2.3578866863086194,-2.433321388086571,0.0010177498688335857
A,0.9,0.28933898542189235,0.08668534752895829,0.10044508754781095,-0.7982047146073135,0.9387268343533269,0.00701190028052856,0.019657923866531635,1.001004450875478,3.0044488411626427,-3.1183026852194886,-0.004502585458597727
A,0.9,0.37181466795432894,0.11155866806780479,0.14918735903785615,-0.9802053237452717,1.191171383015834,0.008870211079288426,0.025505339043461302,1.0014918735903784,3.799240142759211,-4.00866934304204,-0.007266226174402566
A,0.9,0.4777999311237224,0.1444032390391844,0.3951108238904816,-1.139745027013616,1.6722642691349558,0.012983584903230705,0.03428094155779289,1.0039511082389048,4.762785148662424,-5.153647388405646,0.005453958943270301
A,0.9,0.6139961487745171,0.1839572273139159,0.571163984315231,-1.418303073425769,2.2070255343262097,0.016859428134090915,0.045091667593180854,1.0057116398431525,5.9384767014249675,-6.474257169511535,0.003950423019525979
A,0.9,0.7890149122108604,0.23536417445058644,0.8518776479353483,-1.272637799725329,2.8915107418964925,0.020915507365236508,0.05588992981495972,1.0085187764793533,7.291132681509797,-8.06901221082919,0.007355950544524978
A,0.9,1.013922535073968,0.2985913076799001,1.1788066952389111,-1.4319170022558025,3.79102574491884,0.027857571079866306,0.0731556552393822,1.011788066952389,8.76975730892494,-9.853354087822057,0.0019709610564135603
A,0.9,1.302939768590944,0.37558784335565626,1.7962258371688933,-1.8500575995715032,4.819814055243446,0.03863815434474338,0.09594849170791521,1.017962258371689,10.270942598595038,-11.845204991863415,-0.003822400457472159
A,0.9,1.6743409696994005,0.465825665233928,2.476790077559756,-2.0536693059486626,6.019578714550041,0.05273660647972711,0.1168376808574259,1.0247679007755974,11.66656271461092,-13.734106009604584,-0.0009430207428078763
A,0.9,2.151609575817667,0.5497802582664996,3.4822652425622063,-1.7142837681375382,7.120224040314134,0.06925547051424408,0.13821812018577015,1.034822652425622,12.829670267044275,-15.212150462029676,0.0025753796386630344
A,0.9,2.7649229461197575,0.632665605407825,4.117539464520522,-2.041412414374288,8.49070705126428,0.08099780995294625,0.16384569232045107,1.0411753946452054,13.661982702563577,-16.145460097290233,-0.011404762565571314
A,0.9,3.5530604547873605,0.7071959563129233,4.966861819464371,-0.5119289640488909,9.68786538695561,0.09584583575392336,0.186947329810033,1.0496686181946435,14.312505864305072,-16.677655079115418,0.003337111435252605
A,0.9,4.565855483636677,0.7692202187736842,5.963933280698829,-0.909557152040421,10.499954628802513,0.1150863846119361,0.2026182654874786,1.0596393328069884,14.727880442190113,-16.75635800604108,-0.00042105478867859425
A,0.9,5.867346351893901,0.8163693339889047,6.660608820145114,-0.7856046315430495,11.692272496764646,0.1290300573329679,0.22562649617578284,1.0666060882014512,15.007922286554088,-16.5406327175193,0.0073220524444578255
A,0.9,7.5398254141987815,0.8550480033468848,6.843783031759035,0.10301942467549206,11.928460843367224,0.13263373052641247,0.2301842371193194,1.0684378303175903,15.20841595457205,-16.087482688441533,-0.00246375712449361
A,0.9,9.689042348462637,0.8801845776421962,7.377288306060251,-0.7151512400607762,12.6111442415634,0.14235998282075069,0.24335802033169335,1.0737728830606026,15.343376058026445,-15.66924818612404,0.0016968890740906143
A,0.9,12.450890633822237,0.9055712783993086,7.550855707132055,-0.03838719464297631,13.033753837356722,0.14570932355541144,0.25151314350176107,1.0755085570713205,15.457791945277691,-15.149664850732881,-0.00346239105079812
A,0.9,16.0,0.9207937948906877,8.160347968665649,-0.07708256656737353,13.160619906705824,0.15747073293533576,0.2539612857870827,1.0816034796866565,15.530613054259852,-14.761232485399347,0.0006076815823196696
B,0.25,inf,0.0,0.0,0.0,0.0,0.0,0.0,1.0,,,
B,0.25,1000.0,0.000125996046491883,0.0889703514425192,0.04459409679674316,0.13700986020402312,0.00023969765230372198,0.00036912231210621814,1.0008897035144253,,,
B,0.25,606.1898993497572,0.00020772361698179198,0.14394902850778934,0.08503560208394502,0.19892822038954625,0.00038781733043968813,0.0005359383955579606,1.0014394902850778,,,
B,0.25,367.4661940736688,0.00034250361055704337,0.23901785958502408,0.1588955301533124,0.30768371807439837,0.0006439450768968291,0.0008289397948726962,1.0023901785958502,,,
B,0.25,222.75429519995564,0.0005648834773723799,0.3915146253770601,0.29551435932927317,0.4883297421034401,0.0010547911188828196,0.0013156235850984549,1.0039151462537705,,,
B,0.25,135.03140378698737,0.000929309000011258,0.6497916973074066,0.5151421673329094,0.7702795163581131,0.0017506230087408758,0.0020752328016594625,1.006497916973074,,,
B,0.25,81.8546730706903,0.0015355408834000217,1.0418580274258253,0.8725500583184632,1.2330303688514288,0.0028069004916665974,0.003321943544573136,1.0104185802742582,,,
B,0.25,49.61947603002903,0.002530478084374177,1.7529476694898958,1.5190299429554706,1.9797357050344273,0.004722668104323174,0.005333664450962513,1.0175294766948988,,,
B,0.25,30.078825180431004,0.004154046737528838,2.8641009317264,2.551028935506075,3.1922694926655244,0.007716258935306752,0.008600387550532235,1.028641009317264,,,
B,0.25,18.233480008684413,0.006821531896045174,4.7148906473618215,4.29098329768571,5.170800233570997,0.012702526186732621,0.013930805672036252,1.0471489064736181,,,
B,0.25,11.052951411260215,0.011202954528611309,7.763342769981355,7.0855616245789586,8.3592210291787,0.02091545111177673,0.022520824334121593,1.0776334276998134,,,
B,0.25,6.70018750350959,0.018306528434123448,12.667491034272317,11.723866807138952,13.635871816029935,0.034127861835582585,0.036736805108930314,1.1266749103427232,,,
B,0.25,4.061585988376979,0.029670798278995603,20.391263578420144,19.122726956427957,21.99790462138529,0.05493670563290409,0.05926520473231873,1.2039126357842016,,,
B,0.25,2.4620924014946257,0.047704363985758946,32.85375312114981,30.763867721414048,35.00222754557373,0.08851226689369032,0.09430053531366751,1.328537531211498,,,
B,0.25,1.4924955450518291,0.07508984682140923,51.7737384443339,48.58664870159757,54.920283176209836,0.13948515831267125,0.14796235743429756,1.517737384443339,,,
B,0.25,0.9047357242349302,0.11504261869421328,79.13816353954087,74.86937252246562,83.56870343438858,0.2132084643985176,0.22514491282222748,1.7913816353954086,,,
B,0.25,0.5484416576121021,0.1705936358582552,116.70247382286959,110.8344150201491,123.27934681413532,0.3144115825084836,0.332130530337128,2.1670247382286956,,,
B,0.25,0.3324597932270942,0.2408290429607427,164.095259118755,155.27177725151586,173.40179492333758,0.44209388551587775,0.4671668985732691,2.64095259118755,,,
B,0.25,0.20153376859417332,0.3248296486805355,219.56351595591437,209.19027934816336,231.4639867089994,0.5915325549791184,0.623593964814804,3.195635159559144,,,
B,0.25,0.12216773489967918,0.4187718624476357,281.82303700281926,267.7647314395868,293.8747899980779,0.759267769986545,0.791736753780255,3.8182303700281923,,,
B,0.25,0.07405684692262442,0.5156646838157717,342.1732331058083,325.7949225203276,357.95744247228316,0.9218590162547087,0.9643837210273855,4.421732331058083,,,
B,0.25,0.04489251258218608,0.6137302079078293,401.20144252615177,382.83312675068885,420.84190891031244,1.0808886591452385,1.1338026198760223,5.012014425261517,,,
B,0.25,0.027213387683753087,0.7040083190754308,454.7208496288713,434.0969388219816,474.0910677093364,1.2250768749633707,1.2772627517551272,5.547208496288713,,,
B,0.25,0.016496480740980205,0.7848966137682227,499.50991390724937,478.12478567753243,521.9639268451222,1.3457444162548513,1.4062384358775877,5.995099139072494,,,
B,0.25,0.01,0.8498374949793154,533.9621353837083,512.0303055042173,554.9582874258106,1.4385631639686933,1.4951295174820363,6.3396213538370825,,,
B,0.5,inf,0.0,0.0,0.0,0.0,0.0,0.0,1.0,,,
B,0.5,1000.0,0.00012576574437422883,0.019512651247460856,0.00014959229747549165,0.04176175793099247,0.00015251144195388422,0.00032641109810300773,1.0001951265124744,,,
B,0.5,606.1898993497572,0.00020786589062393723,0.03389767981698133,0.008556483782318698,0.0584111517086903,0.0002649452379492323,0.0004565432375284561,1.0003389767981699,,,
B,0.5,367.4661940736688,0.0003415430905081007,0.05315875112305905,0.021198810450001507,0.08629102215080249,0.00041549032386362095,0.00067445310475715,1.0005315875112304,,,
B,0.5,222.75429519995564,0.0005634995017119171,0.0907737158348298,0.04946416204722613,0.13259437124427953,0.0007094899671967192,0.0010363614096810746,1.0009077371583484,,,
B,0.5,135.03140378698737,0.000931698048451779,0.1510561597139058,0.09541105256650076,0.20755730551274423,0.0011806592780149172,0.001622273854555295,1.0015105615971391,,,
B,0.5,81.8546730706903,0.0015353337401178835,0.24640991768873294,0.17068733307204,0.31585317402010804,0.0019259469859759237,0.0024687174697383186,1.0024640991768874,,,
B,0.5,49.61947603002903,0.002526484249027905,0.40549863110438433,0.31213834035903354,0.4989627329255038,0.0031693889341717907,0.003899907035422562,1.004054986311044,,,
B,0.5,30.078825180431004,0.004160929098570909,0.6654984978462466,0.5474038091579477,0.7870925285132313,0.0052015553518326985,0.0061519377839698896,1.0066549849784625,,,
B,0.5,18.233480008684413,0.006839656235538449,1.0941357609957425,0.9402885014077342,1.2714714544364885,0.008551796497899555,0.009937857365464106,1.0109413576099575,,,
B,0.5,11.052951411260215,0.01122683336158431,1.8011091828170522,1.5989686387762856,2.040904279015602,0.01407752104540666,0.01595176639684091,1.0180110918281704,,,
B,0.5,6.70018750350959,0.018318061356026205,2.9332861144815454,2.633479030499281,3.2458952065622504,0.022926648424626606,0.025370010056856206,1.0293328611448156,,,
B,0.5,4.061585988376979,0.02973404857047951,4.768571476067758,4.294398244421138,5.18623809180954,0.03727129146378266,0.040535785714970955,1.0476857147606777,,,
B,0.5,2.4620924014946257,0.04756291815288255,7.62134669845376,6.985551560436591,8.278657828629711,0.05956866444599174,0.0647062270972238,1.0762134669845378,,,
B,0.5,1.4924955450518291,0.0749346841687441,11.936083360366762,11.1086918584797,12.770960258922956,0.09329276998215108,0.09981819177327549,1.1193608336036676,,,
B,0.5,0.9047357242349302,0.11495529932410692,18.327488555347372,17.21094459442166,19.61504729066377,0.14324817635087217,0.153311772365226,1.1832748855534736,,,
B,0.5,0.5484416576121021,0.1706736268893162,27.225490961789262,25.506144828515783,28.973352106341075,0.2127952184368201,0.22645655128749825,1.2722549096178928,,,
B,0.5,0.3324597932270942,0.24053402257063772,38.06118237578819,35.994308559640494,40.34222084466299,0.297487293396718,0.31531595551077307,1.380611823757882,,,
B,0.5,0.20153376859417332,0.32522902672202947,51.35352129890246,48.63893186405505,54.27336686598799,0.40138059576728624,0.42420219248786606,1.5135352129890245,,,
B,0.5,0.12216773489967918,0.4186257847604834,65.6014993277372,62.178182151581915,69.07470522860861,0.5127432008047546,0.5398898777697091,1.6560149932773718,,,
B,0.5,0.07405684692262442,0.5168272300637373,80.3129675458963,76.44185774457864,84.89717127182863,0.6277284584591776,0.6635587262985254,1.803129675458963,,,
B,0.5,0.04489251258218608,0.6123931512103435,94.12390835195822,89.29263413950375,98.63987632084256,0.7356751680251745,0.7709721032298011,1.9412390835195823,,,
B,0.5,0.027213387683753087,0.7044723747329054,107.38578917520871,102.35348135454352,112.5694785024514,0.8393304090133868,0.8798462735113811,2.073857891752087,,,
B,0.5,0.016496480740980205,0.7845393635713378,118.14736621938226,112.68401655351332,123.81406357506786,0.9234432039324424,0.9677342730378944,2.181473662193823,,,
B,0.5,0.01,0.8484372036154517,126.87016628234593,121.29000466997351,132.02669092547217,0.9916208594753371,1.0319244040229423,2.2687016628234593,,,
B,0.9,inf,0.0,0.0,0.0,0.0,0.0,0.0,1.0,,,
B,0.9,1000.0,0.000125700341630397,0.0015146875660186833,-0.0014311251841314613,0.004636115356719541,3.1860010480389e-05,8.946340107047755e-05,1.0000151468756602,,,
B,0.9,606.1898993497572,0.00020747103538448775,0.002670910511477594,-0.001288239078063278,0.006065468740025172,5.276906300000217e-05,0.00011704572056923101,1.0000267091051147,,,
B,0.9,367.4661940736688,0.0003428333217321833,0.004811959330619552,-0.000543840196182624,0.009194998845521288,9.285667296998756e-05,0.00017743645407078957,1.0000481195933062,,,
B,0.9,222.75429519995564,0.0005648203152672782,0.007188460187300348,0.0010908088105793818,0.014043653585045031,0.00013871615508520563,0.0002710012405866324,1.000071884601873,,,
B,0.9,135.03140378698737,0.0009316636173221093,0.012244400428978092,0.004028325994794431,0.021023067730758106,0.00023628094259076082,0.0004056834214452021,1.0001224440042897,,,
B,0.9,81.8546730706903,0.001531199394871341,0.019939198720650565,0.009905394597944634,0.030155288237234387,0.00038476793498765094,0.0005819084380748629,1.0001993919872065,,,
B,0.9,49.61947603002903,0.0025222145779777994,0.03338463626803566,0.019118439010985203,0.04733103387174136,0.0006442253641748552,0.0009133498501521676,1.0003338463626803,,,
B,0.9,30.078825180431004,0.00415510533212593,0.05515204356226264,0.03679335046756137,0.07347903556101384,0.0010642723516177677,0.001417929435068743,1.0005515204356226,,,
B,0.9,18.233480008684413,0.006842850501194153,0.08965362822621117,0.0670084282956092,0.11272539307255912,0.001730051537177535,0.0021752687919339153,1.0008965362822622,,,
B,0.9,11.052951411260215,0.01119695396442405,0.14567078216771728,0.11844905418636271,0.1767862938904005,0.002811017976597996,0.003411455905892591,1.0014567078216772,,,
B,0.9,6.70018750350959,0.018324702360905665,0.24036167934364921,0.20210073778190749,0.28095615894480297,0.0046382740002203215,0.005421628151350655,1.0024036167934365,,,
B,0.9,4.061585988376979,0.029730577620667442,0.39323943611178547,0.3422365132232549,0.43972755039461553,0.007588365405663766,0.008485449385049014,1.0039323943611178,,,
B,0.9,2.4620924014946257,0.047552225750907395,0.6251309804611236,0.5575026815493279,0.6986808421873573,0.012063190693802572,0.013482486865705455,1.006251309804611,,,
B,0.9,1.4924955450518291,0.07508879274299618,0.9873522215188326,0.9011025656102322,1.0868796518504156,0.01905299609586697,0.020973582995061135,1.0098735222151882,,,
B,0.9,0.9047357242349302,0.11499445379835305,1.5149192976380872,1.3769731948797153,1.6454688302812186,0.02923349017137089,0.0317527124727504,1.0151491929763807,,,
B,0.9,0.5484416576121021,0.17029208832202902,2.239358260060895,2.0659348918009814,2.4130717178848564,0.043213033055776506,0.04656519225650037,1.0223935826006088,,,
B,0.9,0.3324597932270942,0.24042928416909343,3.1546377571963724,2.956166108620177,3.3903652732713163,0.0608752373892244,0.06542408565793584,1.0315463775719635,,,
B,0.9,0.20153376859417332,0.3253365439980911,4.262954421740866,3.9853927253072876,4.532746359358787,0.08226249172695899,0.08746868321779627,1.0426295442174087,,,
B,0.9,0.12216773489967918,0.4185184676340858,5.477924610745335,5.095527941949333,5.888390411847082,0.10570784563732682,0.11362862925986036,1.0547792461074534,,,
B,0.9,0.07405684692262442,0.5149753246105367,6.734091466142361,6.296211667836076,7.187800854645395,0.12994817413410176,0.13870343190271117,1.0673409146614237,,,
B,0.9,0.04489251258218608,0.6137510968163346,7.997425575405198,7.486998022078978,8.56960331436303,0.15432680956628153,0.16536815832603377,1.079974255754052,,,
B,0.9,0.027213387683753087,0.7051323500035684,9.160937089613789,8.528479763262103,9.75254461136672,0.17677916228759427,0.18819544875211924,1.0916093708961379,,,
B,0.9,0.016496480740980205,0.7833746776832338,10.134381387929707,9.539193713029611,10.707168657483326,0.19556377634034483,0.2066168872492154,1.101343813879297,,,
B,0.9,0.01,0.8492259992617648,10.980986087297726,10.326881153952248,11.577702079535214,0.21190075890872184,0.2234156238400562,1.1098098608729772,,,
