word,weight
-er,2
-ers,1
-s,4
a,1603
ability,1
able,20
able-bodied,1
abortion,7
abortions,2
about,243
above,5
abroad,1
absentee,1
absolute,2
absolutely,15
abundance,1
abused,1
academics,1
academies,1
academy,3
accent,2
accept,4
acceptable,1
accepted,2
accepts,1
access,2
accessible,1
accident,2
accidentally,1
accidents,1
accommodate,1
according,2
account,7
accused,2
aces,1
acorn,1
acre,2
across,1
act,1
action,3
active,3
activities,5
activity,1
acts,1
actual,5
actually,53
ad,1
adamantly,1
add,5
addition,1
additional,1
address,1
adjusted,1
adjusting,1
adjustments,1
administered,1
administration,1
admit,3
adopt,1
ads,1
adult,2
adulthood,1
adults,6
advance,1
advantage,4
advantageous,1
adventurer,1
advice,3
advise,3
aerobics,1
aetna,1
af,2
affect,3
affected,3
affects,1
affixing,1
afford,7
affords,2
afraid,5
after,43
aftermath,2
afternoons,1
ag,3
again,28
against,14
age,9
agency,1
aggravate,1
aggravating,2
aging,1
agnostic,1
ago,15
agree,24
agreed,1
agrees,1
agricultural,1
ahead,13
ai,3
aid,4
aids,1
aim,1
air,12
aircraft,1
alabama,2
alarm,2
alarms,1
alaska,4
alienated,1
alive,3
all,214
allergy,2
alliances,1
allies,1
allow,2
allowance,2
allowed,4
almost,26
alone,8
along,10
already,11
also,36
alternate,1
alternately,1
although,18
always,64
am,19
amarillo,1
amazed,1
amazing,7
amazingly,1
ambiance,1
amendment,2
america,15
american,11
american-type,1
americanism,1
americans,27
amherst,1
among,1
amongst,1
amount,12
amputated,1
an,128
analyze,1
analyzing,2
and,2164
angeles,1
anglo,1
animal,3
animals,2
ankle,1
announced,2
announcement,1
annoyed,2
annual,1
another,31
answer,7
answers,2
anti-communist,1
antonio,1
anxious,1
any,79
anybody,17
anymore,16
anyone,18
anything,55
anytime,1
anyway,23
anyways,3
anywhere,4
apart,4
apartment,6
apartments,5
appalled,1
apparently,5
appeal,5
appeals,1
apple,1
applications,1
apply,1
appointees,1
appreciate,3
appreciation,2
approach,1
appropriate,3
approved,1
arab,2
are,618
area,13
areas,5
arequipa,1
argue,2
argues,1
arguing,1
arises,1
arm,1
armaments,1
army,3
around,56
arrest,1
arrested,1
arrowheads,1
arteries,2
arteriosclerosis,3
article,2
articles,1
arts,1
as,231
ask,7
asked,1
asking,2
aspect,6
ass,1
assembled,1
assembly,1
asses,1
assigned,1
assistance,3
association,1
associations,1
assumed,2
assuming,1
assumption,1
astound,1
astounded,1
at,215
ate,5
atmosphere,1
atomic,2
attached,1
attack,2
attacked,1
attacks,6
attempt,1
attempts,1
attention,6
attitude,7
attitudes,2
attorneys,2
attraction,1
attractive,2
attributed,1
audience,1
august,1
authority,2
auto,3
automatic,2
automatically,3
automobile,2
automotive,1
availability,2
available,4
avenues,1
average,8
avid,1
award,2
aware,6
away,28
awful,8
awhile,4
b,3
ba,1
babies,1
baby,2
baby-sit,2
baby-sitting,1
bachelor,1
back,65
background,4
backing,1
backlash,1
backsliding,1
backwards,3
backyard,1
bad,38
badge,1
badger,1
badly,3
bag,1
bags,1
bait,3
baked,1
balance,2
balanced,1
ball,2
baltimore,5
bambi,1
bananas,1
band,1
bank,3
bar,2
barbecue,1
barefoot,1
bargain,3
bark,1
barrel,1
bars,2
base,3
based,3
bases,1
basic,6
basically,14
basics,1
basis,3
basket,1
basketball,1
bass,2
bat,1
bathroom,3
battle,1
baxter,2
bay,1
be,344
beans,2
bears,2
beat,4
beating,1
beautiful,4
became,4
because,222
become,14
becomes,1
becoming,2
bed,4
bedroom,4
beds,7
bee,1
beef,1
been,124
beer,1
bees,3
before,34
beforehand,2
beg,1
began,2
begi,1
begin,3
beginning,3
behave,1
behavior,2
behind,5
being,53
beings,1
beli,1
belief,1
beliefs,2
believe,44
believed,1
believes,1
bell,2
belong,1
belongs,1
belt,1
belts,1
bench,1
bend,1
beneficial,2
benefit,6
benefited,1
benefiting,1
benefits,7
bergen,1
besides,3
best,31
bet,4
better,51
between,11
beyond,2
biblical,1
bicycle,1
big,52
biggest,9
bikes,2
bilingual,4
bilingualism,1
bill,1
billboard,1
bingo,1
biology,2
bird,2
birds,1
birth,1
birthday,1
bit,49
bite,3
bizarre,1
black,6
blacks,1
blame,1
bless,1
blew,1
blind,1
blitzer,2
block,1
blocks,2
blood,5
bloodless,1
blowing,2
blown,1
board,2
boat,2
bobber,1
body,2
boil,1
bolt,1
bomb,4
bombay,2
bombays,2
bond,1
bonding,3
bonus,8
bonuses,3
book,15
books,4
boot,1
booth,1
border,4
borders,3
boring,1
born,2
borrow,1
borrowed,1
borrowing,1
boss,4
boston,3
both,19
bother,2
bothered,2
bothers,1
bottom,2
bought,11
bounced,1
bowed,1
boxes,1
boy,14
boys,5
brady,1
braniff,1
brash,1
brazil,2
bread,2
break,1
breakfast,7
bred,1
bree,1
breed,13
breeders,1
breeding,1
brighten,2
brightens,1
bring,4
bringing,1
brings,1
british,3
brits,1
broad,2
broaden,1
broadened,2
broccoli,2
broke,4
broken,1
broth,1
brother,6
brother-in-law,1
brothers,1
brought,2
brown,7
brunch,2
brunches,3
brushing,1
brutal,1
brutally,1
bubble,1
bucks,6
buddies,2
budget,8
buffalo,1
buffet,1
buffets,1
bug,2
buick,2
build,2
builders,1
building,5
builds,1
built,3
bulb,1
bulbs,3
bulging,1
bullying,1
bumble,2
bumped,1
bunch,5
bungling,1
bureaucracy,1
burglar,1
burglars,1
burn,4
burner,1
burning,6
burns,1
bus,1
bush,7
bushes,2
business,16
businesses,2
busted,1
busters,1
busy,1
but,544
butler,1
button,4
butts,1
buy,9
buying,1
buys,2
by,62
bye,9
bye-bye,14
c,11
ca,49
cab,1
cabbage,2
cabin,2
cable,2
cadets,1
cadillacs,1
cafeteria,4
cajuns,1
calcutta,1
california,4
call,19
called,15
calling,5
calls,8
came,28
camera,1
campbell,1
camped,1
campinas,1
camping,3
campus,1
can,164
canada,1
canadians,2
cancer,1
candice,1
candy,3
cantaloupe,2
cantaloupes,1
cap,1
capability,1
capable,2
capacity,1
capita,1
capital,10
capitol,1
caprice,1
captured,2
car,26
carburetor,2
carburetors,1
care,51
career,1
carefree,3
careful,4
carefully,1
cares,1
caricature,1
caring,1
carolina,5
carp,3
carriage,1
carried,3
carrots,5
carry,6
carrying,2
cars,5
carson,1
cart,1
carter,2
carve,1
case,12
cases,5
cash,1
cast,2
casting,2
casual,1
cat,4
catch,6
catching,1
catfish,2
catholic,2
catnip,3
cats,10
caught,6
cause,18
caused,1
causes,3
cease,3
celery,1
cement,1
center,3
centers,1
central,4
cents,1
centuries,1
cerebral,1
certain,23
certainly,18
chagrin,1
chain,5
chains,1
chair,1
champion,1
chance,11
chances,1
change,18
changed,15
changes,6
changing,2
channel,2
channels,1
chaos,1
character,7
characters,1
charge,2
charismatic,4
charles,1
chart,1
cheap,2
cheaper,5
check,6
checked,1
checking,1
cheers,3
chemical,4
chemicals,2
chevy,3
chevys,1
chew,1
chicago,2
chicken,10
chickens,3
child,40
childhood,1
children,61
chilton,1
china,1
chinese,5
chlorinated,1
chlorinating,1
chlorine,6
chocolate,3
choice,11
choke,1
cholesterol,11
choose,4
choosing,1
chop,1
chops,1
chores,1
chose,2
chosen,1
chow,2
chowperd,2
christian,2
chubby,1
chunk,1
church,8
churches,1
cigarettes,1
cinema,1
circumstance,1
circumstances,6
cities,4
citizen,1
citizenry,1
citizens,3
city,6
civic,1
civil,1
civilian,1
claim,1
claimed,1
clarion,2
class,5
classic,4
clean,3
cleaning,1
cleanliness,1
cleanup,1
clear,2
clearly,1
clever,2
click,3
clicks,1
client,1
clients,1
climactic,1
climate,1
clinging,1
clogging,1
close,10
closed,3
closely,1
closer,4
club,1
co-ops,2
coalition,1
coast,1
cocaine,1
coffee,1
coils,1
cold,5
cold-blooded,1
collards,1
collect,1
collection,1
college,45
colleges,1
collin,1
color,4
colorado,9
colored,1
colors,1
columbia,1
combination,1
come,47
comedies,2
comedy,2
comes,15
comfort,1
comfortable,1
comfortably,1
comforts,1
comic,1
coming,6
commands,1
comment,2
commercial,1
commercials,1
commit,1
commitment,1
committed,5
committing,1
common,4
communicate,1
communism,2
community,10
commuted,1
compact,1
companies,7
company,34
compare,1
compared,2
comparison,1
compartment,1
compete,1
compl,1
complacent,1
complain,1
complaining,2
complains,1
complete,4
completely,6
comprehensive,1
compressor,1
compulsory,1
computer,11
computers,4
concealed,1
concentrate,1
concentration,1
concept,4
conception,3
concern,6
concerned,8
condenser,1
condition,2
conditioning,2
conditions,2
condone,1
confess,1
confident,1
conform,1
confusion,1
congressional,1
congressmen,1
connected,3
connecticut,1
connection,1
conscience,2
consequently,1
consider,5
considerably,2
consideration,1
considered,5
consisted,1
constantly,2
constituency,1
constitution,1
constitutionally,1
construction,2
consultant,2
consultants,1
consumer,1
contact,2
continental,1
continents,1
continuance,1
continuation,1
continue,1
continued,1
contraceptives,3
contractors,1
contribute,1
contributing,1
control,11
controlled,2
controlling,1
controls,2
controversial,1
convenient,1
conversation,5
conversations,3
convicted,1
convinced,1
cook,6
cooked,3
cookies,1
cooking,1
cool,5
cooper,2
cope,1
copes,1
copper,1
core,3
corn,4
corner,3
corners,1
coronary,2
corporation,2
corporations,2
corps,18
correct,2
correctness,1
cosby,2
cost,11
costing,1
costs,6
coul,1
could,108
counties,3
counting,1
countries,13
country,56
county,13
couple,23
course,57
courses,3
court,3
cousin,3
cover,4
coverage,5
covered,4
covering,1
covers,1
crack,1
cranberry,1
crawfish,1
crawl,1
crazier,1
crazy,3
create,2
creates,1
creative,2
creativity,1
creature,1
credits,1
creek,4
creole,1
creosote,2
crickets,1
crime,19
crimes,9
criminal,2
criminals,4
crisis,3
critical,1
critters,1
croak,1
crooks,2
cross,3
cross-pollination,1
crowd,3
crude,1
cruel,2
cry,2
crying,1
cubic,2
cucumbers,3
cuisine,1
cuisines,1
culinary,1
cultural,2
culture,5
cultures,2
cup,2
cured,1
curiosity,2
curly,1
current,3
currently,5
curried,1
curry,3
curse,4
cut,14
cute,3
cuts,1
cutting,3
cycle,2
cynical,1
d,10
dad,18
daddy,4
dakota,1
dallas,13
damn,1
dancers,1
dangerous,1
darn,2
dash,1
data,1
daughter,12
daughter-in-law,1
daughters,2
david,1
day,56
dayers,1
days,16
de,2
dead,1
deal,4
dealing,1
dealings,1
dealt,1
dear,2
death,11
debate,1
debt,2
debts,1
decent,1
decide,5
decided,7
decides,1
decision,10
decisive,1
declare,1
decreasing,1
dedicated,2
deduce,1
deductible,2
deduction,2
deep,3
deer,2
defeated,1
defense,2
deficit,1
defined,1
definite,2
definitely,20
definition,2
degree,9
degrees,2
delay,1
delayed,4
delays,1
delivering,1
demanded,1
demanding,1
demeanor,1
demilitarize,1
democracy,1
denied,1
dental,3
denton,1
department,1
depend,2
dependent,1
depends,6
describe,1
description,1
desert,1
deserts,1
deserve,1
design,1
designing,1
designs,1
desire,1
despise,2
despite,1
desserts,1
destroyed,1
destruction,1
detectors,1
deter,1
determination,1
determine,4
determined,1
deterrent,2
develop,1
developed,4
development,2
devon,3
di,1
diagnostic,1
diagnostics,1
did,163
die,1
died,2
dies,1
diet,4
diets,1
difference,8
differences,2
different,47
differently,3
differing,1
difficult,7
difficulties,1
difficulty,1
dig,2
digging,2
dining,1
dinner,4
direction,5
directions,1
directly,1
directors,1
dirt,3
dirty,1
disagree,4
disagreeing,1
disappeared,1
discipline,2
discouraged,1
discovered,1
discretionary,1
discuss,2
discussed,2
discussing,2
discussion,1
disease,1
disgust,1
disgusting,3
disk,1
disney,6
display,3
disposition,1
disproportionate,1
dispute,1
disrupted,1
district,5
disturbed,1
disturbing,1
ditches,1
diversion,1
dividend,1
division,6
do,813
dock,1
doctor,5
doctorate,2
doctors,3
document,1
documentary,1
doe,1
does,58
dog,13
dogs,4
doing,78
dollar,6
dollars,19
donate,1
done,37
door,5
doors,3
dorm,2
doubt,3
down,63
downhill,1
downstream,2
downtown,3
dr,6
drafting,1
dragging,1
drain,3
drama,1
draw,4
dreamed,1
dreams,1
drinking,2
drive,8
driving,3
drop,1
dropped,3
dropping,2
drove,2
drug,7
drugs,7
dry,1
dubious,1
due,1
dumas,1
dumb,3
during,15
duty,1
dwell,2
e,5
each,20
ear,2
earlier,2
early,4
earn,4
ears,1
earth,2
ease,1
easier,1
easiest,1
easily,3
east,6
easter,2
eastern,2
easy,6
eat,23
eaten,2
eating,7
eats,4
echelon,1
echoes,1
economic,2
economics,1
economy,6
ed,1
edge,2
editing,1
educated,2
education,30
educational,4
effects,1
efficiently,1
effort,3
eight,9
eighteen,4
eighth,4
eighties,1
eighty-five,2
eighty-four,1
eighty-nine,2
eighty-seven,2
eighty-six,2
eighty-three,2
either,27
el,3
elderly,9
elected,2
electing,1
election,2
electric,2
electrocution,1
electronic,1
electronics,2
element,1
elementary,2
elevation,1
eleven,5
eleventh,1
eligible,1
eliminate,1
eliminated,1
else,44
elsewhere,1
emotion,1
emotional,3
emotionally,2
emphasis,1
emphasize,1
emphasized,1
empire,1
employed,1
employee,1
employees,2
employers,1
employment,2
enclaves,1
encourage,2
encouraged,3
encyclopedias,1
end,20
ended,10
ends,3
endurance,1
engine,4
engineer,1
engineers,2
engines,1
england,3
english,6
enjoy,7
enjoyed,7
enjoying,1
enjoyment,1
enjoys,1
enormous,1
enough,25
enter,1
entered,1
entertainment,2
entire,3
entirely,2
entities,1
entry,1
envious,1
environment,7
environmental,1
epileptics,1
equal,1
error,1
escape,1
especially,19
essentially,2
establishment,1
esteem,1
ethnic,1
europe,3
european,1
evaluate,3
evaluations,1
evaporator,1
even,87
evening,2
evenings,2
eventually,6
ever,34
every,47
everybody,25
everyday,3
everyone,13
everything,42
everywhere,1
evidence,3
evidently,1
evils,1
evokes,1
ex-school,1
exact,2
exactly,37
examine,1
example,1
examples,1
exams,1
excel,1
excellent,1
except,9
excepted,1
excesses,1
excessively,1
exchange,2
excited,2
exclusive,1
excuse,6
execute,1
exempt,2
exempts,2
exercise,7
exhausted,1
exist,2
exists,2
expanded,1
expect,4
expectations,1
expecting,2
expenditures,1
expenses,2
expensive,7
experience,18
experiences,3
experimenting,2
experiments,2
expertise,1
explain,1
explaining,1
exploiting,2
exploration,1
explore,1
exposed,4
exposure,3
express,1
expressing,1
expression,3
extend,1
extended,2
extensively,1
extent,4
extra,6
extraordinary,1
extras,5
extreme,1
extremely,2
extremes,2
eye,3
eye-opening,1
eyes,1
f,3
face,1
facets,1
facilities,3
facility,1
fact,28
factor,3
factories,1
factors,3
facts,1
faculty,2
fail,1
failed,1
fair,3
fairly,6
fairness,1
fairs,1
faith,2
faiths,1
fake,1
fall,3
fallen,1
falling,1
falls,1
falsely,1
familiar,4
families,4
family,38
famous,1
fan,1
fancy,1
fanny,2
fantastic,1
far,29
fare,2
farm,5
fart,1
fashioned,3
fast,3
fat,4
father,8
fathers,2
fault,6
favor,7
favorite,1
favorites,1
favors,1
fear,3
fed,1
federal,4
federalized,1
feed,3
feeding,1
feel,53
feeling,12
feelings,3
feels,2
fees,1
feet,2
fellow,1
felt,5
female,3
fence,2
fences,1
fertilize,1
fertilizer,1
fetus,1
few,31
fi,1
fiber,2
fiddle,1
field,3
fifteen,5
fifties,2
fifty,8
fifty-five,3
fifty-nine,1
fifty-one,4
fifty-three,1
fight,10
fighting,2
fights,1
figure,8
figured,5
figures,1
figuring,1
file,1
films,3
filter,2
filters,2
filthy,3
final,1
finally,11
financial,2
financially,2
find,26
finding,2
fine,8
fines,2
fingers,2
finland,2
fire,7
firm,1
first,46
first-rate,1
fish,13
fisherman,1
fishing,16
fit,2
fitness,2
fits,3
fittings,1
five,29
fix,6
fixed,7
fixes,1
fixing,2
flag,18
flags,3
flatter,1
flaunt,1
flavor,3
flexibility,1
flexible,1
flied,1
flip,1
floor,2
floored,1
floors,1
florida,9
flour,2
flower,9
flowers,1
flowery,1
flunk,1
fly,8
foamy,1
focus,2
folds,1
folks,3
follow,2
following,1
fond,1
food,21
foolish,1
foot,3
football,2
for,395
forbid,1
force,13
forced,4
forcing,1
fords,2
foreign,4
foreigner,1
forever,1
forget,8
forgot,1
forgotten,1
form,2
forms,3
formula,3
fort,1
forth,8
fortunate,2
fortunately,2
forty,5
forty-nine,1
forty-one,1
forward,4
fostered,1
fought,1
found,10
foundation,2
four,25
fourteen,4
fourth,5
fr,1
fractiousness,1
framed,1
framers,3
framing,1
franchised,2
frankly,1
freak,1
free,5
freedom,13
freer,2
freeze,3
french,10
frenchman,1
frequently,3
fresh,3
freshmen,1
friday,3
fried,2
friend,4
friendly,2
friends,20
fries,1
from,133
front,3
froth,1
froze,1
frozen,5
fruit,1
frustrated,1
fry,8
full,9
full-fledged,1
full-time,3
fun,28
functionally,1
functioning,1
functions,1
fund,1
funding,2
funniness,1
funny,22
further,2
fuse,1
fuss,1
future,5
fuzzy,3
g,3
gag,1
gags,1
gain,1
galveston,1
game,3
games,1
gang,1
gangs,1
gap,1
garage,1
garbage,1
garden,10
gardener,1
gardening,3
gardens,3
garlic,1
gas,1
gasoline,1
gave,3
gear,1
gee,12
general,5
generally,2
generation,6
genre,3
genuine,2
geographical,1
germany,2
get,213
gets,15
getting,42
gibbons,1
gift,1
gin,3
ginger,1
gingerly,1
girl,9
girls,7
give,27
given,3
gives,4
giving,4
glad,4
glaze,1
gloves,1
go,168
goal,3
god,12
goes,24
goi,1
going,174
gold,1
golly,3
gone,23
good,134
good-bye,3
goodness,4
gosh,5
got,165
gotten,18
government,18
governments,2
governor,1
grab,1
grade,11
grades,2
grads,2
graduate,10
graduated,5
graduates,3
graduating,1
grammar,1
grand,1
grandma,2
grandmother,4
grandpa,1
granted,1
grass,1
gravy,1
gray,2
great,44
greek,1
green,5
greenhouse,2
greeting,1
grew,4
grilled,1
groceries,1
grocery,2
ground,2
groundhogs,1
group,9
groups,9
grow,11
growing,10
grown,1
grows,1
grub,3
guarantee,4
guess,141
guilt,2
guilty,21
gulf,5
gun,10
guy,20
guys,12
h,7
ha,2
habitats,1
habits,1
had,210
hair,2
haired,1
hairs,1
half,14
hallmark,1
halls,1
ham,1
hamburgers,1
hamilton,1
hand,14
handbook,1
handicapped,1
handing,1
handle,3
handled,1
hands,3
hang,4
hanging,2
happ,1
happen,12
happened,6
happening,2
happens,18
happy,6
hard,29
hard-core,1
harder,1
hardest,1
hardly,1
harm,1
has,146
hat,1
hate,12
hatred,1
have,892
having,39
he,197
head,14
heads,2
health,12
healthier,2
healthy,2
hear,18
heard,30
hearing,7
heart,7
hearts,1
heat,2
heater,3
heating,1
heaven,1
heavier,1
heavily,2
heavy,2
heck,5
held,4
hell,3
help,18
helped,4
helping,7
helpless,1
helps,6
hence,1
her,68
here,88
heritage,3
herself,1
hey,7
hi,1
high,43
higher,3
highest,1
highly,2
highway,2
highways,1
hill,1
hillside,1
hilly,2
hilt,1
him,33
himalayan,2
himie,4
hinders,1
hindquarters,1
hire,2
hired,6
hires,2
his,41
hispanic,3
historical,2
historically,1
history,4
hit,7
hits,1
hitting,1
hm,2
ho,1
hobbies,3
hobby,5
hoe,1
hold,4
holding,4
holdouts,1
hollering,1
hollywood,2
home,64
homes,2
homework,2
homey,1
honestly,3
honey,1
honor,2
hood,2
hook,1
hooked,1
hope,22
hoped,1
hoping,2
horrendous,1
horrible,3
horror,2
hose,1
hoses,3
hot,12
hotel,1
hotels,2
hour,6
hours,15
house,30
housekeeper,2
houses,2
housewife,2
housing,5
houston,1
how,128
however,1
hub,1
hug,2
huge,4
huh,33
huh-uh,38
human,8
humane,1
humanity,1
hundred,16
hundreds,2
hung,1
hungary,1
hungry,2
hunt,1
hunting,4
hurt,1
hurting,1
husband,16
hussein,5
hypercritical,1
i,3097
idea,22
ideals,1
ideas,4
identi,1
identified,1
idiots,1
if,341
ignorance,1
ignorant,1
illegal,3
illinois,1
illnesses,1
ima,1
image,1
imagination,1
imagine,10
imitating,1
immediate,2
impact,2
implement,1
implications,1
import,1
importance,1
important,16
imposed,2
impossible,2
impressed,1
improve,3
improved,1
improvement,1
in,841
inability,1
inactivity,1
inbreeding,1
incentive,1
inception,1
inch,3
incidence,1
incidences,1
incidental,1
inclined,1
included,1
includes,1
including,2
income,17
inconvenient,1
incorporate,1
increase,1
increased,2
increasing,1
incredible,1
incredibly,1
incur,1
independence,2
independent,1
independently,1
india,1
indian,4
indiana,2
indica,1
indicate,1
indicated,1
indications,1
indirectly,1
individual,3
individually,3
individuals,2
indoors,2
industrial,2
industry,1
inefficient,1
inevitable,1
inferior,1
influence,4
influences,2
information,3
ingest,1
ingesting,2
ingestion,2
inhabitants,1
inhabiting,1
injection,2
injured,3
injustice,1
inmates,1
inner,3
innocence,3
innocent,5
innovative,2
innovator,1
inoculation,1
input,1
inquisitive,1
insects,1
inside,9
inspect,2
inspection,2
inspector,1
inspects,1
instance,8
instead,12
instill,1
institute,1
institution,3
institutions,2
instructor,2
instructors,3
instruments,2
insurance,28
intake,1
intellectual,2
intelligent,4
intend,1
intent,1
intentionally,1
interaction,1
interest,3
interested,11
interesting,33
interface,1
international,5
interstate,1
interview,2
intimidated,2
intimidating,1
into,61
inundated,1
invaded,1
invasion,1
invest,2
investing,1
investment,1
invite,1
inviting,1
involved,7
involvement,1
involving,1
invu,1
invulnerable,1
iran,2
iraq,9
iraqi,2
iraqis,1
irate,1
ironsides,1
is,1699
island,1
israel,1
issue,4
issues,2
it,1670
items,1
its,11
itself,5
jack,1
jail,11
jailed,1
jamaican,1
janitors,1
japan,2
jay,1
jean,3
jeez,6
jenny,1
jerry,2
jim,1
jimmy,1
job,53
jobs,5
joe,1
join,1
joined,1
joining,1
jokes,2
joseph,1
judge,9
judicial,1
july,1
jump,4
jumped,1
jumping,1
june,1
jungle,1
juniors,1
junk,3
juries,1
juror,1
jurors,1
jury,33
just,454
justice,2
justified,2
justify,1
kathy,1
kee,1
keep,23
keepers,1
keeping,4
keeps,2
keeshonden,1
kennedy,1
kenneth,1
kept,4
kevin,1
keyboard,1
kick,4
kid,19
kidding,2
kids,70
kiesters,1
kill,5
killed,9
killers,1
kind,131
kindergartners,1
kinds,13
kiss,1
kitchen,2
kittens,5
knees,1
knew,15
kno,1
knock,3
know,1110
knowing,5
knowledge,3
knowledgeable,1
known,7
knows,12
korea,4
kurds,1
kuwait,7
kuwaiti,5
kuwaitis,1
l,3
lab,1
labor,7
laboratory,1
laborer,1
labs,2
lacking,1
lady,2
laid,3
lake,4
lakes,1
land,6
landlord,1
landscape,2
landscaping,2
language,9
lanky,1
large,13
larger,1
largest,1
last,35
lasted,2
lasting,1
late,4
lately,4
later,6
latin,6
latter,1
laugh,2
law,9
lawn,4
laws,5
lawyer,7
lawyers,8
lay,1
layers,1
laying,2
layoff,2
lazy,2
lead,1
leaders,1
leadership,1
leaking,1
lean,1
leaning,1
learn,17
learned,6
learning,3
leash,2
least,24
leave,10
leaves,2
lebanon,1
led,1
left,12
leftover,1
leg,1
legal,3
legally,5
legitimate,3
legs,1
length,2
leno,1
less,18
lessening,1
lesser,2
lesson,1
let,42
lethal,2
letter,2
letterman,1
letters,1
letting,3
level,4
levels,2
lewis,2
li,1
liars,3
liberal,6
liberalism,1
liberals,1
libya,1
license,2
licensed,1
lies,1
lieutenant,1
life,42
lift,1
lifting,1
light,5
like,447
liked,3
likely,2
likes,4
likewise,2
lilac,4
limb,1
limbs,1
limit,2
limited,1
lincolns,1
line,18
lines,3
lips,1
list,4
listen,4
listened,1
listening,4
lists,1
lithuania,1
litter,4
little,118
littleton,1
live,48
lived,15
lives,13
living,15
loaf,1
loan,2
loans,4
lobby,1
lobster,3
lobsters,1
local,7
location,1
locations,1
lock,1
locked,1
locus,2
lodging,1
logical,1
logically,2
lonely,1
long,40
long-distance,1
longer,4
look,29
looked,3
looking,16
looks,7
loop,1
loose,3
los,1
lose,10
losing,2
loss,1
lost,12
lot,224
lots,5
loudly,1
louisiana,3
lovable,1
love,14
loved,1
lovely,1
low,4
lowe,1
lowest,1
lubbock,5
luck,11
lucked,1
lucky,3
lucrative,3
lumber,1
lump,1
lunch,3
lure,3
lures,1
luxuries,2
lying,1
lynched,1
m,13
machine,2
mad,1
made,23
madman,1
magazine,1
magic,1
mail,4
main,4
maine,3
mainly,2
maintain,3
major,11
majority,5
majors,1
make,80
makes,17
making,11
male,1
mall,3
malls,2
man,19
manage,1
managing,2
mandatory,2
mannerisms,1
manners,1
many,54
marcos,1
marginal,1
mark,1
market,1
marketing,2
markets,1
marriage,3
marriages,1
married,16
marry,1
martini,1
maryland,22
massachusetts,1
masses,1
master,6
masters,3
match,1
material,1
materials,1
mates,1
math,2
matter,18
mattered,1
mature,3
mavericks,1
may,21
maybe,58
mcdonald,2
me,111
meal,5
mean,198
meaning,1
means,5
meant,3
measure,1
meat,8
mechanic,1
mechanics,2
median,1
medical,9
medicine,7
medicines,1
medium,2
meet,2
meets,1
melt,1
melting,2
member,1
members,2
memorable,2
men,7
mental,1
mentally,1
mention,1
mentioned,1
mesa,1
mesh,1
mess,5
messages,1
met,1
mexican,6
mexicans,4
mexico,8
mice,1
michigan,1
micro,1
middle,13
midland,2
might,27
mild,1
mile,2
miles,7
military,13
mill,1
million,3
mind,8
minded,1
minds,2
mine,11
miniature,3
minimum,6
minor,3
minute,5
minutes,9
miscarriage,1
miss,9
missed,2
misses,1
missing,3
missionary,1
mississippi,2
mistake,2
mistakes,1
mistreat,1
mitzi,2
mix,2
mixed,4
model,3
modified,1
mom,13
moment,2
moments,1
monetary,2
money,63
moneymaking,1
monies,2
monster,1
montgomery,1
month,11
months,21
moon,1
morally,1
more,135
mormon,1
morning,12
mornings,2
moscow,1
mosquito,1
most,47
mostly,12
mother,11
mothers,2
motion,1
motivated,1
motor,1
mountain,1
mountains,10
mouths,1
move,5
moved,17
movement,2
movie,18
movies,23
moving,1
mow,1
much,114
multicultural,1
multiplying,1
multiracial,1
murder,7
murders,2
murphy,2
muscles,1
mushrooms,1
musicals,1
must,16
mustang,1
mutant,6
mutt,1
mutually,1
my,268
myself,13
myth,2
myths,1
n,9
nailed,1
naive,1
name,10
names,2
nation,3
national,3
nationality,1
nationalized,1
nationally,1
nations,2
nationwide,1
native,2
natives,1
nature,5
navy,1
near,8
neat,9
neatest,1
necessarily,4
necessary,2
necessities,1
necessity,2
neck,1
need,41
needed,10
needing,1
needs,15
negative,2
neglect,2
neglected,1
negotiations,1
neighbor,4
neighborhood,1
neighbors,4
neither,3
nest,1
net,1
neurosurgeon,1
neutral,1
never,100
nevertheless,2
new,38
news,5
newspaper,2
newspapers,2
nex,1
next,21
nice,44
niceness,1
night,16
nightline,1
nights,3
nine,10
nineteen,6
nineteen-hundred,1
nineteen-thirteen,1
nineteen-three,1
nineteen-twenty,1
ninety,2
ninety-eight,2
ninety-five,2
ninety-nine,1
ninety-one,1
ninja,3
ninth,1
no,164
nobody,7
nod,1
noise,2
noises,1
non,1
nonaggressor,1
nonconventional,1
none,3
nonexempt,1
nonexempts,1
nonhuman,1
nope,2
norm,1
normal,2
normally,7
norman,2
north,17
northern,4
nose,1
not,1082
notch,1
note,2
nothing,31
notice,6
noticed,7
notions,1
now,133
nowadays,2
nowhere,1
nuclear,1
number,14
numbers,2
nurses,2
nursing,1
nurture,1
nuts,3
o,9
o'clock,2
o'gear,1
obesity,1
object,1
objection,1
obligated,1
obnoxious,2
obviously,12
occasion,1
occasionally,2
occasions,1
occupied,1
occurred,1
occurring,2
october,1
odd,1
odessa,1
of,1225
off,54
offenses,2
offer,3
offers,1
office,4
officer,1
official,4
often,11
oh,284
oil,20
ok,1
okay,92
old,39
older,9
oldest,5
olds,1
on,340
on-site,1
once,31
one,246
one-hundred,1
ones,23
onion,1
onions,3
only,53
ooh,1
open,9
opened,1
openly,1
opera,1
operas,1
operate,1
operation,1
opinion,7
opinionated,1
opinions,5
opponent,2
opportunity,7
oppose,1
opposed,1
opposite,2
oprah,2
optimist,1
option,1
or,331
order,5
organization,5
organizations,2
organized,1
orient,1
oriented,3
original,5
originally,6
originated,1
other,99
others,3
otherwise,1
ottoman,1
ought,13
our,101
ours,7
ourselves,2
out,227
outdoor,2
outdoorsie,1
outlook,1
outside,20
over,50
overall,2
overburdened,1
overextended,1
overhaul,1
overhead,2
overheard,1
overlap,1
overlook,1
overseas,3
overtaxed,1
overthrow,1
overweight,1
overwhelming,2
owe,1
own,59
owned,1
owner,2
owners,3
p,2
pack,2
pad,1
paid,20
pain,4
painless,1
paint,1
painting,1
pair,1
palatable,1
palsy,1
pan,4
panama,5
panamanian,2
panamanians,1
panhandle,1
paper,3
papers,2
parallel,1
paranoid,1
pardon,2
parent,7
parents,13
park,4
parole,6
part,35
part-time,2
partially,1
participating,1
particular,10
particularly,4
partly,1
partners,1
parts,7
party,1
partying,1
pass,4
passed,1
passing,4
past,5
pat,2
patch,2
patches,1
path,1
patio,1
patrick,1
patronage,1
patter,1
pattern,3
patterns,7
paws,2
pay,36
paycheck,3
paychecks,1
paying,18
payment,4
payroll,1
pays,3
peace,23
peanut,2
peanuts,1
peas,1
peers,1
penalties,3
penalty,4
penicillin,2
pennsylvania,8
pension,6
pensions,3
people,230
peoples,1
peppers,5
per,7
perceived,1
percent,10
perceptions,1
perfect,3
perfectly,1
performed,1
performs,1
perhaps,8
period,5
periods,1
perjuritive,1
permanent,1
permission,1
permit,1
permits,1
permitted,5
permitting,1
persia,1
persian,2
persians,1
person,26
personal,1
personalities,1
personality,1
personally,10
personnel,4
perspective,1
persuade,1
persuaded,1
peru,5
peruvians,1
pet,5
pets,2
ph,2
pharmacy,1
phase,3
phil,1
philadelphia,1
phone,8
phonic,1
phrased,1
physical,1
physically,1
pick,4
picked,2
picking,4
picnic,1
picture,1
piece,1
pills,1
pioneer,1
pipe,1
pistachio,1
pistachios,1
pistons,1
pittsburgh,8
place,43
places,9
plan,6
planning,2
plano,10
plans,1
plant,6
planted,1
planter,1
planting,2
plants,5
plastic,1
plate,1
plates,1
play,7
play-offs,1
played,1
player,3
players,1
playing,3
playtex,1
plea,3
plead,1
pleaded,1
pleading,1
pleasant,3
please,2
pleased,1
pleasure,4
plenty,1
plight,1
plot,1
plugs,1
plus,2
point,29
points,4
pole,3
police,3
policeman,1
policies,1
policy,5
politeness,2
political,6
politically,1
politicians,3
politics,5
polk,3
poll,1
pollinate,1
pollinated,1
pond,1
poodle,2
poodles,1
poor,9
poorer,1
pop,1
popped,1
popular,4
populated,1
population,2
pork,1
porked,1
portion,3
portray,1
position,7
positive,4
possess,2
possession,2
possibility,4
possible,4
possibly,3
post,1
pot,3
potato,3
potatoes,5
potential,5
pound,6
pounds,1
pour,2
poverty,8
powder,1
power,4
practically,1
practiced,1
praised,1
preconceived,1
precondition,1
predict,2
predominantly,1
predominate,1
prefer,3
preferably,1
pregnancies,1
pregnant,2
prejudiced,1
premeditate,1
premeditated,4
premeditatively,1
preoccupied,1
preparation,1
prepared,1
presbyterian,1
presc,1
prescribed,1
prescription,4
prescriptions,1
present,1
presentation,2
president,4
press,1
pressed,1
pressure,5
pressures,2
pressurized,1
pretax,1
pretend,1
pretty,56
prevent,4
previous,1
price,11
priced,2
prices,2
pricing,1
pride,3
priest,1
primarily,1
primates,1
prior,6
prison,3
prisoners,3
prisonment,1
prisons,3
pristine,1
privacy,3
private,1
prize,1
pro,9
probably,65
probation,2
problem,34
problems,19
procedure,1
process,5
products,4
professional,2
professionals,1
professor,2
professors,6
proficient,1
profound,1
program,15
programming,1
programs,3
prohibit,1
prohibitions,1
project,6
promote,1
promoting,1
proper,3
properly,1
property,13
proportion,1
proposed,1
protecting,4
protection,1
protective,1
protest,1
proud,2
prove,4
proved,2
provide,6
proving,1
prude,1
psychological,1
psychologist,1
public,15
publish,1
published,1
puerto,10
pull,6
pulled,2
pumpkins,1
punished,1
punishment,12
punishments,1
pup,1
puppy,1
purchased,2
purdue,3
pure,5
purebreds,1
purely,1
purpose,3
purse,3
push,4
pushed,3
pushing,3
put,50
puts,4
putting,9
puzzled,1
quadrupled,1
qualification,1
qualifications,2
quality,9
quantity,1
quarter,1
quarterly,1
quarters,1
quebec,1
question,12
questions,2
quick,2
quicker,1
quickly,3
quieted,3
quintupled,1
quirks,1
quit,4
quite,35
quo,4
quotas,1
quote,2
r,9
race,2
races,1
rack,1
radio,1
rail,2
rain,1
rained,1
raining,1
raise,5
raised,8
raises,2
raising,1
rallies,1
rally,1
ramifications,1
ran,3
ranch,1
rancled,1
rancles,1
random,1
randy,2
range,3
ranging,1
rap,1
rape,1
rare,1
rate,11
rated,1
rates,2
rather,16
ratio,2
rationale,2
rats,1
reabsorbed,1
reactions,1
reacts,1
read,17
reading,7
reads,1
ready,10
real,62
realistic,3
realistically,3
reality,2
realization,1
realize,14
realized,3
realizing,2
really,264
rear,1
rearing,1
reason,15
reasonable,1
reasoning,2
reasons,4
reassess,1
rebel,1
reborn,1
rebuild,3
recall,3
received,1
receiving,1
recent,3
recently,14
recipes,1
recognition,2
recognized,1
recommend,6
recommendation,2
recommended,2
record,3
recorder,1
recordings,2
red,5
redid,2
reduce,2
reel,2
reeling,1
referring,1
refers,1
refrigerator,1
refusal,1
regard,2
regarding,1
regimen,1
regional,1
registered,3
regular,12
regularly,2
regulate,2
regulations,1
rehabilitate,1
rehabilitation,1
reining,1
related,1
relationship,1
relative,5
relatively,2
relatives,2
relaxed,1
relaxing,2
relevant,1
reliably,1
religious,4
remains,1
remember,32
remembered,1
reminisce,1
remodeled,2
remote,1
rent,2
rental,1
renters,2
renting,1
repairman,1
repairs,3
repeat,2
replace,1
report,2
reporter,2
reports,1
representative,1
represented,1
represents,1
republican,1
reputation,5
requesting,1
require,1
required,1
requirement,1
requirements,1
reruns,1
research,7
researcher,1
resemble,1
resembled,1
resent,1
resentment,1
residence,1
resident,2
resist,1
resolve,1
resolves,1
resonates,1
resort,3
resource,1
resources,2
respect,2
respond,1
responds,1
response,1
responsibility,3
responsible,2
rest,1
restaurant,9
restaurants,8
restricted,2
results,1
retarded,1
retire,5
retired,5
retirement,3
retrial,1
return,1
returned,1
revenue,1
reverse,1
reward,1
rex,1
rexes,1
rice,1
rich,3
richard,1
rico,10
rid,2
ride,3
ridiculous,4
riding,1
rig,1
rigamarole,1
righ,1
right,325
rights,1
righty,1
rip,1
rise,1
risk,4
risking,4
rivers,2
road,2
roast,1
robbery,1
robbing,1
rodents,1
role,3
roll,1
rolling,1
rolls,1
room,6
roommate,1
root,2
roots,1
ropes,1
rose,1
roses,1
rotely,1
rough,2
round,2
routine,1
row,2
rub,4
rubbed,2
rubbing,1
rules,1
run,18
running,7
runs,2
rural,4
russia,11
s,29
sacrifice,2
sacrificed,1
sad,12
saddam,7
safe,3
safety,1
said,75
saints,1
sake,2
salaries,2
salary,8
sale,1
sales,6
salvador,4
salvadorian,1
sam,1
same,50
san,2
sand,1
sat,3
satisfied,1
saturday,4
sauce,3
saudi,6
saudis,2
saute,1
save,5
savings,4
saw,22
say,102
saying,30
says,7
scale,1
scams,1
scared,1
scares,2
scary,2
scene,1
scents,1
schedule,3
schedules,1
scheme,1
school,84
schools,11
science,4
scope,1
scout,2
scouting,1
scouts,1
scream,2
screaming,1
screeching,1
screen,1
screw,1
screwed,1
se,3
seafood,6
search,1
sears,1
seas,1
season,1
seat,1
seattle,1
second,13
seconds,2
secretary,1
security,11
see,126
seed,2
seeds,2
seeing,4
seek,1
seem,27
seemed,6
seems,37
seen,26
sees,1
seizures,1
select,2
selected,1
selection,1
self,3
self-centered,2
self-centeredness,1
self-discipline,1
self-gratification,1
selfishness,1
sell,4
selling,3
semantics,1
semi,1
semifortunate,1
seminars,2
senate,1
send,6
sending,1
sense,24
sent,2
sentence,12
sentenced,1
sentences,3
sentencing,4
separate,3
serious,4
seriously,1
serve,3
served,5
serves,1
service,20
services,6
sesame,1
session,1
set,7
sets,1
settled,1
settlement,1
settlements,1
setup,1
seven,19
seventh,1
seventy,1
seventy-eight,1
seventy-five,3
seventy-four,1
seventy-one,1
seventy-seven,1
seventy-three,1
several,13
severe,1
severely,1
shacks,1
shah,1
shake,1
shall,1
shame,4
shape,7
share,7
shared,1
sharing,5
sharon,2
she,180
shed,1
sheer,1
shell,1
shelter,1
sheltered,1
shelters,1
shepherd,2
sherman,3
shift,6
shifts,1
shiites,1
shipped,1
shirt,1
shock,3
shocked,1
shoe,1
shoes,2
shoney,3
shoot,2
shooting,1
shoots,2
shop,6
shopping,3
shore,2
short,6
short-term,2
shorter,1
shortly,1
shorts,1
shot,4
shots,2
should,71
shovel,1
show,21
showing,1
shows,9
shrimp,7
shrub,1
siamese,1
sick,1
side,7
sides,4
siding,3
sight,2
sign,1
signal,2
signed,2
significant,1
significantly,1
silly,2
silver,4
similar,7
simmer,1
simple,2
simply,2
since,29
singapore,2
singers,1
single,5
sinking,1
sir,3
siren,1
sister,5
sit,7
site,2
sits,2
sitting,11
situation,24
situations,3
six,27
sixteen,3
sixties,4
sixty,2
sixty-eight,1
size,8
sized,1
skeptical,1
skills,3
skin,1
skinny,1
skits,1
slap,1
slapstick,8
sle,1
sleep,3
sleeping,2
slightly,1
slip,3
slipping,1
slow,2
slowly,1
slums,1
small,15
smart,4
smarter,1
smell,1
smells,1
smile,2
smiling,1
smoke,1
smoking,2
snickered,1
snob,2
snooty,1
snowed,2
so,479
soap,2
soaps,1
social,13
socialized,1
socializing,1
society,3
software,1
soil,2
sold,4
soldered,1
solely,2
solution,1
solve,1
some,182
somebody,44
someday,1
somehow,5
someone,39
someplace,1
something,154
sometime,2
sometimes,29
somewhat,5
somewhere,5
son,5
son-in-law,1
songs,1
sons,4
soon,3
sophisticated,3
sorriest,1
sorry,7
sort,55
sorts,1
soul,1
sound,1
sounded,1
sounds,20
soup,1
source,1
south,8
southern,5
soviet,1
soy,1
space,2
spaniel,1
spanish,12
spayed,1
speak,9
speaking,3
special,3
specialized,3
specially,1
specific,1
speech,12
speed,2
spell,1
spend,18
spending,7
spent,13
spice,1
spicier,1
spicy,1
spite,1
splash,1
split,2
spoken,1
sponsor,1
sports,1
spot,1
spouse,1
spread,6
spreadsheet,1
spring,6
springer,1
springs,2
sprout,1
squad,1
square,2
squash,9
squirrels,1
stage,2
staggering,1
stair,1
stake,2
stand,3
standard,2
standards,2
standing,1
standout,1
standpoint,1
stands,6
starch,1
start,14
started,27
starting,3
starts,5
starving,1
state,44
statehood,5
states,11
static,1
stationed,1
stations,1
statistics,3
status,4
stay,23
stayed,1
staying,2
steaks,1
stealing,1
steams,1
steep,1
step,4
stepdaughter,3
stepping,2
stereo,1
stereotype,2
stick,5
sticks,2
stiffening,1
stiffer,1
still,55
stink,2
stir,9
sto,1
stock,2
stolen,1
stomach,1
stop,5
stopped,4
store,6
stores,2
stories,5
storm,1
story,5
straight,6
strain,1
strange,8
strangest,1
streams,1
street,3
streets,1
strengthen,1
strengthening,1
strengths,1
stress,6
stressed,1
stressful,1
strictest,1
strictly,1
strike,2
stringent,1
strip,1
strong,4
stronger,1
strongly,1
struct,1
structure,1
structured,1
strung,1
stuck,1
stud,4
student,11
students,12
studied,1
studs,1
study,4
stuff,36
stupid,2
subject,9
suburban,1
suburbs,1
subway,1
succeed,1
success,2
successful,3
such,23
sucks,1
sudden,6
suddenly,1
sued,1
suffer,1
suffered,1
suffering,1
sufficient,1
suffocating,1
suggest,1
suicide,1
suited,1
sum,1
summer,8
summers,1
summons,2
sunday,8
sundays,1
supervised,2
supervision,1
supervisor,4
supper,1
supplies,1
supply,1
support,3
supported,2
supporting,2
supports,1
suppose,11
supposed,14
supposedly,6
supreme,2
sure,77
surprised,4
survival,1
survive,2
survives,1
suspect,2
suspicion,1
suspicious,1
swampers,2
sway,1
swayed,1
swayze,1
swear,2
sweet,6
sweetest,1
sweetheart,1
sweets,5
swing,1
symbol,3
symbolism,1
symbolizes,1
sympathy,1
system,22
systems,2
t,69
table,1
tablespoon,3
tablespoons,3
tainted,1
taiwan,1
take,82
taken,12
takes,11
taking,12
talk,18
talked,9
talking,35
talks,2
tape,2
taped,1
tapes,1
target,1
targeted,1
targets,1
taste,2
taught,7
tax,25
taxed,6
taxes,24
taxing,2
taxpayer,2
teach,9
teachable,1
teacher,5
teachers,7
teaches,2
teaching,17
teams,1
tear,3
tearing,1
tech,1
technical,1
technically,2
teenage,5
teenager,1
teenagers,1
teetering,1
teeth,1
telephones,1
television,20
tell,32
telling,2
tells,2
temporarily,1
ten,24
tend,12
tendency,2
tends,1
tennessee,1
tennis,1
tens,1
tensions,1
tent,2
tenth,2
tenths,1
tenure,2
tenured,2
ter,1
term,6
termination,1
terms,9
terrain,3
terrible,8
terribly,2
territorial,2
territories,1
territory,8
test,4
tested,2
tester,1
testers,1
testing,5
tex-mex,5
texan,7
texas,35
textbook,1
texture,1
than,81
thank,9
thankful,1
thanks,11
that,1830
the,1885
theater,2
their,144
them,216
themselves,14
then,177
there,469
therefore,1
these,50
they,978
thi,1
thick,1
thieves,2
thin,4
thing,123
things,160
think,419
thinking,17
thinks,2
third,6
thirds,1
thirteen,3
thirties,1
thirty,12
thirty-five,2
thirty-three,3
this,175
thorns,2
thoroughbreds,1
those,63
though,30
thought,55
thoughts,2
thousand,12
thousands,8
thrash,1
threat,5
three,46
threw,1
thrilled,1
throes,1
through,30
throughout,2
throw,2
throwing,2
thrown,2
throws,1
thumb,2
tickets,1
tiddlywinks,1
tiered,1
ties,5
till,1
tilled,1
time,145
times,32
timing,1
tin,1
tinkerer,1
tip,2
tired,2
tires,2
to,1467
today,16
tofu,1
together,12
tokyo,1
told,11
tolerances,1
tom,1
tomato,4
tomatoes,2
tomorrow,2
tongue,2
tonight,2
tonya,1
too,118
took,17
tools,3
top,4
topic,7
topics,1
topsy-turvy,1
torture,1
total,6
totally,7
touch,3
touching,1
touchy,1
tough,20
tourist,1
tourists,1
tournament,1
tours,1
toward,3
towards,6
town,11
townhouse,1
toxicologist,1
track,1
tracks,1
tractor,2
trade,1
trading,1
traffic,1
training,1
transcribes,1
transfer,4
transferred,1
transferring,1
transmission,5
transmissions,1
transportation,4
trap,1
trash,1
travel,2
traveled,1
traveling,1
travers,1
tread,1
treadmills,1
treated,1
treaties,2
tree,5
trees,4
tremendous,3
trend,2
trial,9
trials,5
tried,11
tries,2
trimmed,2
trip,6
trips,3
tropical,1
trouble,8
troubled,3
trout,1
truck,2
trucked,1
true,49
truly,4
trust,4
truth,1
try,40
trying,53
tub,2
tuition,1
tuitions,1
tuned,1
tur,1
turkish,3
turn,8
turned,5
turning,2
turns,4
turnstile,1
turtles,4
tv,1
twelve,13
twenty,14
twenty-eight,2
twenty-five,3
twenty-nine,1
twenty-one,1
twenty-seven,1
twenty-two,2
twice,8
twin,1
twins,4
twist,1
twix,1
two,74
type,20
types,2
typical,4
u,24
ugh,5
ugly,2
uh,1265
uh-huh,785
uh-uh,1
ultimate,1
ultimately,1
um,320
umbrella,1
un,1
unable,1
unanimous,5
unbelievable,1
uncertain,1
uncomfortable,1
under,8
undergrads,1
undergraduate,2
undergraduates,1
underneath,2
understand,28
understandable,1
understanding,2
understands,2
understood,1
undoubtedly,1
unemployment,5
unfair,1
unfortunately,3
unhappy,1
uniform,1
union,3
unique,1
unit,1
united,8
universities,1
university,8
unknown,1
unless,11
unquote,1
unreal,1
unrest,1
until,19
unto,1
unusual,1
up,201
upon,1
ups,2
upset,3
upsets,1
upside,1
upstream,2
urban,1
us,44
use,27
used,40
useful,1
useless,2
uses,1
using,7
usually,19
utilities,2
v,34
v-eight,2
v-eights,1
vacation,4
valid,1
valley,1
values,4
van,1
vans,2
variable,1
varies,1
various,1
vary,2
vegetable,3
vegetables,8
vegetarian,1
vehemently,1
verde,1
verdict,4
verdicts,1
vermont,1
version,1
versus,5
very,142
vested,1
vet,1
viable,1
vice,1
victim,1
video,1
vietnam,4
view,6
viewpoints,1
views,8
vines,2
violence,8
violent,5
virginia,6
virtually,1
vision,1
visit,6
visited,1
visits,1
vocal,1
voice,9
voices,1
volume,1
volumes,1
voluntarily,1
voluntary,1
volunteers,1
vote,8
voted,3
vouch,1
w,1
wa,1
waco,1
waders,1
wage,3
wait,8
waited,1
waiting,2
walk,9
walked,2
walking,6
walls,1
wandering,1
wanderlust,1
want,80
wanted,18
wanting,1
wants,7
war,16
warfare,1
warheads,1
warm,2
warned,1
warning,1
wars,2
was,524
wash,1
washington,2
wasp,1
waste,2
wasting,1
watch,24
watched,9
watching,5
water,16
watering,1
way,96
wayne,2
ways,12
we,606
weak,1
weakening,1
wealth,1
wealthier,2
weapon,3
weapons,4
wear,1
wednesday,2
weed,1
weeds,1
week,29
weekend,3
weekends,3
weekly,1
weeks,7
weighs,3
weight,5
weights,1
weird,8
welcome,1
welfare,6
well,421
well-being,1
went,45
were,162
west,8
western,1
wet,5
whack,2
what,364
whatever,35
whatnot,4
wheeled,1
when,185
whenever,10
where,85
whereas,1
whether,28
which,38
while,19
whip,2
white,4
whiz,1
who,66
whoever,2
whole,45
wholeheartedly,1
whose,2
why,42
wide,3
wife,18
wild,4
wildest,1
will,115
willing,3
win,1
wind,3
window,3
winds,1
wing,1
winter,1
wintertime,1
wipe,1
wiped,1
wires,1
wisdom,1
wise,2
wish,7
wishes,1
with,276
within,13
without,19
witnesses,2
wo,18
wok,4
wolf,3
woman,12
women,11
won,4
wonder,13
wondered,5
wonderful,11
wonderfully,2
wondering,3
wood,2
woodland,2
word,2
words,5
work,85
workday,1
worked,30
workers,1
working,37
workout,2
works,16
world,31
worldliness,1
worried,4
worry,6
worse,6
worst,4
worth,10
worthless,1
woul,1
would,360
wow,12
wrath,1
writing,1
wrong,12
wrote,2
yanked,1
yard,7
yards,4
yeah,1030
year,59
years,102
yell,2
yelling,1
yellow,1
yes,95
yesterday,4
yet,31
yield,1
yip,1
yogurt,3
york,8
yorker,1
you,1849
young,14
younger,9
youngest,2
youngsters,1
your,138
yours,1
yourself,14
youth,3
yow,1
yuppie,1
zealous,2
zero,2
zone,1
