reference,V,coverage,H_pS_bits,selection
subtlex-uk,2,0.0731056536939,0.943737641002,top-frequency
subtlex-uk,3,0.0969494389498,1.51641461493,top-frequency
subtlex-uk,4,0.118481508635,1.92468598481,top-frequency
subtlex-uk,5,0.139888310527,2.2475213216,top-frequency
subtlex-uk,6,0.160986109935,2.51329615507,top-frequency
subtlex-uk,7,0.181704025723,2.7386538496,top-frequency
subtlex-uk,8,0.200443293406,2.93062955809,top-frequency
subtlex-uk,9,0.217228662136,3.09666618877,top-frequency
subtlex-uk,10,0.23265021476,3.24330920359,top-frequency
subtlex-uk,11,0.247761094135,3.37686195577,top-frequency
subtlex-uk,12,0.262386692809,3.4989329842,top-frequency
subtlex-uk,13,0.272369396166,3.59741458121,top-frequency
subtlex-uk,14,0.280832054396,3.68407383401,top-frequency
subtlex-uk,15,0.288721248198,3.76420007262,top-frequency
subtlex-uk,16,0.296500379665,3.84059242766,top-frequency
subtlex-uk,17,0.304278509665,3.91404200716,top-frequency
subtlex-uk,18,0.311760487701,3.98344928535,top-frequency
subtlex-uk,19,0.319130122832,4.0499306018,top-frequency
subtlex-uk,20,0.326275215925,4.11321522291,top-frequency
subtlex-uk,21,0.332981120641,4.17259944999,top-frequency
subtlex-uk,22,0.339602396345,4.22985344113,top-frequency
subtlex-uk,23,0.346213528466,4.28541379666,top-frequency
subtlex-uk,24,0.352577362419,4.33840851769,top-frequency
subtlex-uk,26,0.364337969106,4.43633463969,top-frequency
subtlex-uk,27,0.369996908339,4.48261763656,top-frequency
subtlex-uk,28,0.375253877119,4.52614974183,top-frequency
subtlex-uk,29,0.380462185457,4.56855163194,top-frequency
subtlex-uk,30,0.385359741221,4.60874955031,top-frequency
subtlex-uk,32,0.394460954346,4.68375865418,top-frequency
subtlex-uk,33,0.398515477243,4.7180506715,top-frequency
subtlex-uk,34,0.402184241572,4.74992750388,top-frequency
subtlex-uk,36,0.409369804884,4.81157572966,top-frequency
subtlex-uk,37,0.412924927374,4.84157787209,top-frequency
subtlex-uk,39,0.419796907229,4.89923299309,top-frequency
subtlex-uk,41,0.42656394116,4.9549166331,top-frequency
subtlex-uk,42,0.429846441229,4.98175980461,top-frequency
subtlex-uk,44,0.436321690986,5.03406462221,top-frequency
subtlex-uk,46,0.442724443377,5.08482275024,top-frequency
subtlex-uk,48,0.449079779725,5.1342195337,top-frequency
subtlex-uk,50,0.455360739714,5.18219780139,top-frequency
subtlex-uk,52,0.461555008263,5.22876849694,top-frequency
subtlex-uk,55,0.470437995541,5.29507925166,top-frequency
subtlex-uk,57,0.476073558922,5.3369786714,top-frequency
subtlex-uk,60,0.484161464817,5.39681753492,top-frequency
subtlex-uk,62,0.489461149681,5.43544145063,top-frequency
subtlex-uk,65,0.497139375802,5.49100499694,top-frequency
subtlex-uk,68,0.504275197879,5.54291712891,top-frequency
subtlex-uk,71,0.511034378714,5.592060867,top-frequency
subtlex-uk,74,0.51770610957,5.63979711929,top-frequency
subtlex-uk,77,0.524210848101,5.68585002132,top-frequency
subtlex-uk,80,0.530454808306,5.7298955022,top-frequency
subtlex-uk,84,0.538221728804,5.78497695125,top-frequency
subtlex-uk,87,0.543854262992,5.82462697753,top-frequency
subtlex-uk,91,0.551128778485,5.87546641232,top-frequency
subtlex-uk,95,0.557965042616,5.92335911481,top-frequency
subtlex-uk,99,0.564447386932,5.96877517383,top-frequency
subtlex-uk,103,0.570306535501,6.0106008422,top-frequency
subtlex-uk,108,0.577187642598,6.05990165902,top-frequency
subtlex-uk,113,0.583609536911,6.10613937858,top-frequency
subtlex-uk,118,0.589486915175,6.14900196759,top-frequency
subtlex-uk,123,0.594807774645,6.18848198928,top-frequency
subtlex-uk,128,0.599850845705,6.22601114544,top-frequency
subtlex-uk,133,0.604705596144,6.26208607535,top-frequency
subtlex-uk,139,0.610313396054,6.30365972402,top-frequency
subtlex-uk,145,0.615549894231,6.34274918409,top-frequency
subtlex-uk,152,0.621371745551,6.38620103559,top-frequency
subtlex-uk,158,0.625996237653,6.42104592293,top-frequency
subtlex-uk,165,0.6311705754,6.460013858,top-frequency
subtlex-uk,172,0.636102146374,6.4971902969,top-frequency
subtlex-uk,180,0.641362322827,6.53712233419,top-frequency
subtlex-uk,187,0.645643579092,6.56990907552,top-frequency
subtlex-uk,196,0.650819151322,6.60975728043,top-frequency
subtlex-uk,204,0.654952393578,6.64216690995,top-frequency
subtlex-uk,213,0.65922264361,6.67608412281,top-frequency
subtlex-uk,222,0.663346099242,6.70879119991,top-frequency
subtlex-uk,232,0.667777337749,6.74387129353,top-frequency
subtlex-uk,242,0.671849787917,6.77649661187,top-frequency
subtlex-uk,250,0.675013946187,6.80180747908,top-frequency
subtlex-uk,252,0.675777917609,6.80794486362,top-frequency
subtlex-uk,263,0.679881210019,6.84091024107,top-frequency
subtlex-uk,275,0.684219996165,6.87567997225,top-frequency
subtlex-uk,286,0.687999392972,6.90605949583,top-frequency
subtlex-uk,299,0.692241358966,6.94027066818,top-frequency
subtlex-uk,312,0.696332975846,6.97323189235,top-frequency
subtlex-uk,325,0.700219266977,7.0046396839,top-frequency
subtlex-uk,339,0.704213508436,7.03698748626,top-frequency
subtlex-uk,354,0.708368713582,7.07055053174,top-frequency
subtlex-uk,369,0.712369132413,7.10284734152,top-frequency
subtlex-uk,385,0.716493306921,7.13609594331,top-frequency
subtlex-uk,402,0.720651992416,7.16971949741,top-frequency
subtlex-uk,420,0.724801089597,7.20342128942,top-frequency
subtlex-uk,438,0.728723036959,7.23540466061,top-frequency
subtlex-uk,457,0.732657071346,7.26757956956,top-frequency
subtlex-uk,477,0.736563763672,7.29967804735,top-frequency
subtlex-uk,497,0.740362783304,7.33081311142,top-frequency
subtlex-uk,519,0.744332141752,7.36343994121,top-frequency
subtlex-uk,541,0.748083477621,7.39440250005,top-frequency
subtlex-uk,565,0.751935485822,7.42635921019,top-frequency
subtlex-uk,589,0.755626465887,7.45701163381,top-frequency
subtlex-uk,615,0.759473337846,7.48896025965,top-frequency
subtlex-uk,641,0.763151551671,7.51955332534,top-frequency
subtlex-uk,669,0.766980099738,7.55136575301,top-frequency
subtlex-uk,698,0.77077637277,7.58294255313,top-frequency
subtlex-uk,728,0.774534594972,7.61424059014,top-frequency
subtlex-uk,760,0.778404198273,7.64643847079,top-frequency
subtlex-uk,793,0.782180575803,7.67797161843,top-frequency
subtlex-uk,827,0.785894054195,7.70903493559,top-frequency
subtlex-uk,863,0.789639976187,7.74043817973,top-frequency
subtlex-uk,901,0.793440775656,7.7723045532,top-frequency
subtlex-uk,940,0.797164248898,7.80357327898,top-frequency
subtlex-uk,980,0.800782964611,7.83406428501,top-frequency
subtlex-uk,1000,0.802528498708,7.84879738139,top-frequency
subtlex-uk,1023,0.804495753874,7.86540457836,top-frequency
subtlex-uk,1067,0.808106056264,7.89596150694,top-frequency
subtlex-uk,1114,0.811778697564,7.92711499258,top-frequency
subtlex-uk,1162,0.815349298189,7.95747328066,top-frequency
subtlex-uk,1212,0.818901718698,7.98772931145,top-frequency
subtlex-uk,1265,0.822503354918,8.01844627374,top-frequency
subtlex-uk,1320,0.826077693696,8.04897173793,top-frequency
subtlex-uk,1377,0.829616653879,8.07924321862,top-frequency
subtlex-uk,1436,0.833109224275,8.10917986488,top-frequency
subtlex-uk,1499,0.836691505389,8.13990053396,top-frequency
subtlex-uk,1564,0.840208834852,8.17013398578,top-frequency
subtlex-uk,1631,0.843668143617,8.19992523202,top-frequency
subtlex-uk,1702,0.847156703183,8.23004102467,top-frequency
subtlex-uk,1776,0.850607995245,8.25992094298,top-frequency
subtlex-uk,1853,0.854028623545,8.28960175949,top-frequency
subtlex-uk,1933,0.857427715322,8.31913862096,top-frequency
subtlex-uk,2017,0.860823673793,8.34872065221,top-frequency
subtlex-uk,2104,0.864139589184,8.37772896597,top-frequency
subtlex-uk,2196,0.867438425081,8.40672340998,top-frequency
subtlex-uk,2291,0.870649483788,8.43507002602,top-frequency
subtlex-uk,2390,0.873838287097,8.46328702569,top-frequency
subtlex-uk,2494,0.877018369701,8.4915137457,top-frequency
subtlex-uk,2602,0.880145508356,8.51936922305,top-frequency
subtlex-uk,2714,0.883205994847,8.54674731077,top-frequency
subtlex-uk,2832,0.886249833171,8.5740915677,top-frequency
subtlex-uk,2955,0.889259834764,8.601221744,top-frequency
subtlex-uk,3083,0.892224547193,8.62804433694,top-frequency
subtlex-uk,3217,0.89516244804,8.65472495439,top-frequency
subtlex-uk,3356,0.898042040639,8.68098350549,top-frequency
subtlex-uk,3501,0.900879958283,8.7069709157,top-frequency
subtlex-uk,3653,0.903701336831,8.73289775901,top-frequency
subtlex-uk,3811,0.906479855519,8.75852571964,top-frequency
subtlex-uk,3977,0.909246763126,8.78413958858,top-frequency
subtlex-uk,4149,0.911962610734,8.80937507359,top-frequency
subtlex-uk,4329,0.914642122898,8.83438746424,top-frequency
subtlex-uk,4517,0.917272459013,8.8590672119,top-frequency
subtlex-uk,4712,0.919837788941,8.88326044097,top-frequency
subtlex-uk,4917,0.922377660757,8.90733016292,top-frequency
subtlex-uk,5130,0.924865079442,8.93101487382,top-frequency
subtlex-uk,5352,0.927305032506,8.95436450041,top-frequency
subtlex-uk,5584,0.929709785454,8.97748567796,top-frequency
subtlex-uk,5826,0.932055729419,9.00017876785,top-frequency
subtlex-uk,6078,0.934344792971,9.02245055658,top-frequency
subtlex-uk,6342,0.936592583147,9.04444728476,top-frequency
subtlex-uk,6617,0.938789888425,9.06607053707,top-frequency
subtlex-uk,6904,0.940938592753,9.08734011832,top-frequency
subtlex-uk,7203,0.943040302447,9.10826058033,top-frequency
subtlex-uk,7515,0.945085389532,9.12875321625,top-frequency
subtlex-uk,7841,0.947086486388,9.14892599636,top-frequency
subtlex-uk,8181,0.949047916183,9.16880767517,top-frequency
subtlex-uk,8535,0.950949699133,9.1882177571,top-frequency
subtlex-uk,8905,0.952806262329,9.2072891051,top-frequency
subtlex-uk,9291,0.954620297835,9.22603679391,top-frequency
subtlex-uk,9694,0.956391572636,9.24445785242,top-frequency
subtlex-uk,10114,0.958119288533,9.26253726808,top-frequency
subtlex-uk,10552,0.959803554597,9.28027461694,top-frequency
subtlex-uk,11010,0.961449353379,9.29771838415,top-frequency
subtlex-uk,11487,0.963040537445,9.3147078622,top-frequency
subtlex-uk,11985,0.96458977388,9.33136119817,top-frequency
subtlex-uk,12504,0.966094796987,9.34764957177,top-frequency
subtlex-uk,13046,0.967562141095,9.36363511512,top-frequency
subtlex-uk,13612,0.968987894531,9.37927731799,top-frequency
subtlex-uk,14202,0.970371140109,9.39455990561,top-frequency
subtlex-uk,14817,0.971713851018,9.40949781346,top-frequency
subtlex-uk,15000,0.972095221966,9.41376007099,top-frequency
subtlex-uk,15460,0.973019492734,9.42412681044,top-frequency
subtlex-uk,16130,0.97428712824,9.43842762842,top-frequency
subtlex-uk,16829,0.975517481369,9.45240604347,top-frequency
subtlex-uk,17558,0.976713536695,9.46608745178,top-frequency
subtlex-uk,18319,0.977875006668,9.47946711301,top-frequency
subtlex-uk,19113,0.978999848689,9.4925199787,top-frequency
subtlex-uk,19942,0.980092182659,9.50528528913,top-frequency
subtlex-uk,20806,0.981145613064,9.51769092822,top-frequency
subtlex-uk,21708,0.982160952977,9.5297434318,top-frequency
subtlex-uk,22649,0.983136789436,9.54142247599,top-frequency
subtlex-uk,23630,0.984077847189,9.55277225722,top-frequency
subtlex-uk,24655,0.984986267988,9.56381431977,top-frequency
subtlex-uk,25723,0.985855611702,9.5744717656,top-frequency
subtlex-uk,26838,0.986691331867,9.58480113774,top-frequency
subtlex-uk,28001,0.987492600539,9.59478787104,top-frequency
subtlex-uk,29215,0.988259963071,9.60443421221,top-frequency
subtlex-uk,30481,0.988993751632,9.61373811263,top-frequency
subtlex-uk,31803,0.989694590902,9.62270319865,top-frequency
subtlex-uk,33181,0.990361647976,9.63131335714,top-frequency
subtlex-uk,34619,0.990996038351,9.63957744845,top-frequency
subtlex-uk,36120,0.991598490817,9.64749909655,top-frequency
subtlex-uk,37685,0.992169357377,9.65507639162,top-frequency
subtlex-uk,39319,0.992712123336,9.66234692867,top-frequency
subtlex-uk,41023,0.993227165486,9.66930972936,top-frequency
subtlex-uk,42801,0.993715396055,9.67597176443,top-frequency
subtlex-uk,44656,0.994177038141,9.6823312222,top-frequency
subtlex-uk,46592,0.99461292465,9.68839404576,top-frequency
subtlex-uk,48611,0.995023447244,9.6941601123,top-frequency
subtlex-uk,50718,0.99540974125,9.69963968289,top-frequency
subtlex-uk,52916,0.995772550335,9.70483765195,top-frequency
subtlex-uk,55210,0.996113941883,9.70977673635,top-frequency
subtlex-uk,57603,0.996433489529,9.7144470129,top-frequency
subtlex-uk,60100,0.996732115416,9.71885656584,top-frequency
subtlex-uk,62705,0.997011847268,9.72302842408,top-frequency
subtlex-uk,65422,0.997272724749,9.72695933584,top-frequency
subtlex-uk,68258,0.997517276316,9.73068048378,top-frequency
subtlex-uk,71217,0.997744966532,9.73418100406,top-frequency
subtlex-uk,74303,0.997957019964,9.73747430589,top-frequency
subtlex-uk,77524,0.998155151998,9.74058196064,top-frequency
subtlex-uk,80884,0.998339025506,9.74349593903,top-frequency
subtlex-uk,84390,0.998508952827,9.74621781353,top-frequency
subtlex-uk,88048,0.998667115377,9.74877644131,top-frequency
subtlex-uk,91864,0.998814742681,9.75118765788,top-frequency
subtlex-uk,95846,0.998952935362,9.75346610533,top-frequency
subtlex-uk,100000,0.999077365294,9.7555434779,top-frequency
subtlex-uk,160020,1,9.77172891764,top-frequency
